correlation_measure,subgrouping,file_name,M,rho_xy,rho_uv,eta_x,eta_y,rho_true,rho_obs_hat,weight_type,mean_estimate,mean_se,coverage_true,coverage_obs,n_reps,corr_setting,eta_setting,scenario_label,bias_true,abs_bias_true,bias_obs,abs_bias_obs,coverage_true_dist,coverage_obs_dist,Y_subgrouping,X_subgrouping,est_cov
Pearson,L_Y_sev__K_X_sev,all_pearson_L_Y_sev__K_X_sev_results.rds,100,0,0,0,0,0,-0.0011660153552113788,no_weight,-0.0011660153552113788,0.07811138768125256,0.9338,0.9336,10000,"rho_xy=0, rho_uv=0, rho_true=0","eta_x=0, eta_y=0","rho_xy=0, rho_uv=0; eta_x=0, eta_y=0",-0.0011660153552113788,0.0011660153552113788,0,0,0.016199999999999992,0.01639999999999997,Severity,Severity,"-0.001 (0.934, 0.934)"
Pearson,L_Y_sev__K_X_sev,all_pearson_L_Y_sev__K_X_sev_results.rds,100,0,0,0,0,0,-0.0011660153552113788,CW,-0.00116683919673841,0.07809520501360805,0.9341,0.9338,10000,"rho_xy=0, rho_uv=0, rho_true=0","eta_x=0, eta_y=0","rho_xy=0, rho_uv=0; eta_x=0, eta_y=0",-0.00116683919673841,0.00116683919673841,-8.23841527031275e-7,8.23841527031275e-7,0.015899999999999914,0.016199999999999992,Severity,Severity,"-0.001 (0.934, 0.934)"
Pearson,L_Y_sev__K_X_sev,all_pearson_L_Y_sev__K_X_sev_results.rds,100,0,0,0,0,0,-0.0011660153552113788,PPW,-8.104577242133621e-4,0.033406097562613285,0.9466,0.9476,10000,"rho_xy=0, rho_uv=0, rho_true=0","eta_x=0, eta_y=0","rho_xy=0, rho_uv=0; eta_x=0, eta_y=0",-8.104577242133621e-4,8.104577242133621e-4,3.555576309980167e-4,3.555576309980167e-4,0.0033999999999999586,0.0023999999999999577,Severity,Severity,"-0.001 (0.947, 0.948)"
Pearson,L_Y_sev__K_X_sev,all_pearson_L_Y_sev__K_X_sev_results.rds,100,0,0,0,0,0,-0.0011660153552113788,OPW,-7.024301553907278e-4,0.053318968244850704,0.9372,0.9375,10000,"rho_xy=0, rho_uv=0, rho_true=0","eta_x=0, eta_y=0","rho_xy=0, rho_uv=0; eta_x=0, eta_y=0",-7.024301553907278e-4,7.024301553907278e-4,4.63585199820651e-4,4.63585199820651e-4,0.012799999999999923,0.012499999999999956,Severity,Severity,"-0.001 (0.937, 0.938)"
Pearson,L_Y_sev__K_X_sev,all_pearson_L_Y_sev__K_X_sev_results.rds,100,0,0,0,0,0,-0.0011660153552113788,MOPW,-6.633678469307065e-4,0.05734146993515345,0.9335,0.9328,10000,"rho_xy=0, rho_uv=0, rho_true=0","eta_x=0, eta_y=0","rho_xy=0, rho_uv=0; eta_x=0, eta_y=0",-6.633678469307065e-4,6.633678469307065e-4,5.026475082806723e-4,5.026475082806723e-4,0.01649999999999996,0.017199999999999993,Severity,Severity,"-0.001 (0.933, 0.933)"
Pearson,L_Y_sev__K_X_sev,all_pearson_L_Y_sev__K_X_sev_results.rds,100,0,0,0,4,0,0.0010158940293882959,no_weight,0.0010158940293882959,0.07596506521029993,0.9348,0.9348,10000,"rho_xy=0, rho_uv=0, rho_true=0","eta_x=0, eta_y=4","rho_xy=0, rho_uv=0; eta_x=0, eta_y=4",0.0010158940293882959,0.0010158940293882959,0,0,0.015199999999999991,0.015199999999999991,Severity,Severity,"0.001 (0.935, 0.935)"
Pearson,L_Y_sev__K_X_sev,all_pearson_L_Y_sev__K_X_sev_results.rds,100,0,0,0,4,0,0.0010158940293882959,CW,9.548603657864026e-4,0.07685659668009437,0.9351,0.9347,10000,"rho_xy=0, rho_uv=0, rho_true=0","eta_x=0, eta_y=4","rho_xy=0, rho_uv=0; eta_x=0, eta_y=4",9.548603657864026e-4,9.548603657864026e-4,-6.103366360189332e-5,6.103366360189332e-5,0.014899999999999913,0.01529999999999998,Severity,Severity,"0.001 (0.935, 0.935)"
Pearson,L_Y_sev__K_X_sev,all_pearson_L_Y_sev__K_X_sev_results.rds,100,0,0,0,4,0,0.0010158940293882959,PPW,3.240557692893281e-4,0.03744601695553715,0.9447,0.945,10000,"rho_xy=0, rho_uv=0, rho_true=0","eta_x=0, eta_y=4","rho_xy=0, rho_uv=0; eta_x=0, eta_y=4",3.240557692893281e-4,3.240557692893281e-4,-6.918382600989677e-4,6.918382600989677e-4,0.005299999999999971,0.0050000000000000044,Severity,Severity,"0.000 (0.945, 0.945)"
Pearson,L_Y_sev__K_X_sev,all_pearson_L_Y_sev__K_X_sev_results.rds,100,0,0,0,4,0,0.0010158940293882959,OPW,5.012413032594652e-4,0.05807403722489805,0.934,0.9346,10000,"rho_xy=0, rho_uv=0, rho_true=0","eta_x=0, eta_y=4","rho_xy=0, rho_uv=0; eta_x=0, eta_y=4",5.012413032594652e-4,5.012413032594652e-4,-5.146527261288307e-4,5.146527261288307e-4,0.015999999999999903,0.01539999999999997,Severity,Severity,"0.001 (0.934, 0.935)"
Pearson,L_Y_sev__K_X_sev,all_pearson_L_Y_sev__K_X_sev_results.rds,100,0,0,0,4,0,0.0010158940293882959,MOPW,6.153592385881115e-4,0.06332723338167272,0.9283,0.9279,10000,"rho_xy=0, rho_uv=0, rho_true=0","eta_x=0, eta_y=4","rho_xy=0, rho_uv=0; eta_x=0, eta_y=4",6.153592385881115e-4,6.153592385881115e-4,-4.0053479080018437e-4,4.0053479080018437e-4,0.02169999999999994,0.02210000000000001,Severity,Severity,"0.001 (0.928, 0.928)"
Pearson,L_Y_sev__K_X_sev,all_pearson_L_Y_sev__K_X_sev_results.rds,100,0,0,4,0,0,-1.5835169472759096e-4,no_weight,-1.5835169472759096e-4,0.07598182946034615,0.9327,0.9327,10000,"rho_xy=0, rho_uv=0, rho_true=0","eta_x=4, eta_y=0","rho_xy=0, rho_uv=0; eta_x=4, eta_y=0",-1.5835169472759096e-4,1.5835169472759096e-4,0,0,0.017299999999999982,0.017299999999999982,Severity,Severity,"-0.000 (0.933, 0.933)"
Pearson,L_Y_sev__K_X_sev,all_pearson_L_Y_sev__K_X_sev_results.rds,100,0,0,4,0,0,-1.5835169472759096e-4,CW,-3.8301978564276326e-4,0.07693224463231726,0.9352,0.9351,10000,"rho_xy=0, rho_uv=0, rho_true=0","eta_x=4, eta_y=0","rho_xy=0, rho_uv=0; eta_x=4, eta_y=0",-3.8301978564276326e-4,3.8301978564276326e-4,-2.246680909151723e-4,2.246680909151723e-4,0.014799999999999924,0.014899999999999913,Severity,Severity,"-0.000 (0.935, 0.935)"
Pearson,L_Y_sev__K_X_sev,all_pearson_L_Y_sev__K_X_sev_results.rds,100,0,0,4,0,0,-1.5835169472759096e-4,PPW,-2.1149616282540906e-4,0.037480049406984725,0.946,0.946,10000,"rho_xy=0, rho_uv=0, rho_true=0","eta_x=4, eta_y=0","rho_xy=0, rho_uv=0; eta_x=4, eta_y=0",-2.1149616282540906e-4,2.1149616282540906e-4,-5.314446809781811e-5,5.314446809781811e-5,0.0040000000000000036,0.0040000000000000036,Severity,Severity,"-0.000 (0.946, 0.946)"
Pearson,L_Y_sev__K_X_sev,all_pearson_L_Y_sev__K_X_sev_results.rds,100,0,0,4,0,0,-1.5835169472759096e-4,OPW,-4.918115037644075e-4,0.058183329692010434,0.9384,0.9384,10000,"rho_xy=0, rho_uv=0, rho_true=0","eta_x=4, eta_y=0","rho_xy=0, rho_uv=0; eta_x=4, eta_y=0",-4.918115037644075e-4,4.918115037644075e-4,-3.334598090368165e-4,3.334598090368165e-4,0.011599999999999944,0.011599999999999944,Severity,Severity,"-0.000 (0.938, 0.938)"
Pearson,L_Y_sev__K_X_sev,all_pearson_L_Y_sev__K_X_sev_results.rds,100,0,0,4,0,0,-1.5835169472759096e-4,MOPW,-5.935455058704531e-4,0.06344738949585998,0.9332,0.933,10000,"rho_xy=0, rho_uv=0, rho_true=0","eta_x=4, eta_y=0","rho_xy=0, rho_uv=0; eta_x=4, eta_y=0",-5.935455058704531e-4,5.935455058704531e-4,-4.3519381114286214e-4,4.3519381114286214e-4,0.016799999999999926,0.016999999999999904,Severity,Severity,"-0.001 (0.933, 0.933)"
Pearson,L_Y_sev__K_X_sev,all_pearson_L_Y_sev__K_X_sev_results.rds,100,0,0,4,4,0,0.04170465638901152,no_weight,0.04170465638901152,0.07319566260850936,0.8986,0.925,10000,"rho_xy=0, rho_uv=0, rho_true=0","eta_x=4, eta_y=4","rho_xy=0, rho_uv=0; eta_x=4, eta_y=4",0.04170465638901152,0.04170465638901152,0,0,0.0514,0.02499999999999991,Severity,Severity,"0.042 (0.899, 0.925)"
Pearson,L_Y_sev__K_X_sev,all_pearson_L_Y_sev__K_X_sev_results.rds,100,0,0,4,4,0,0.04170465638901152,CW,0.04138803220213134,0.077889915937997,0.9027,0.9363,10000,"rho_xy=0, rho_uv=0, rho_true=0","eta_x=4, eta_y=4","rho_xy=0, rho_uv=0; eta_x=4, eta_y=4",0.04138803220213134,0.04138803220213134,-3.1662418688017946e-4,3.1662418688017946e-4,0.04730000000000001,0.013699999999999934,Severity,Severity,"0.041 (0.903, 0.936)"
Pearson,L_Y_sev__K_X_sev,all_pearson_L_Y_sev__K_X_sev_results.rds,100,0,0,4,4,0,0.04170465638901152,PPW,0.017585897344358503,0.04164981987175064,0.92490000000000006,0.9028,10000,"rho_xy=0, rho_uv=0, rho_true=0","eta_x=4, eta_y=4","rho_xy=0, rho_uv=0; eta_x=4, eta_y=4",0.017585897344358503,0.017585897344358503,-0.024118759044653014,0.024118759044653014,0.0250999999999999,0.04719999999999991,Severity,Severity,"0.018 (0.925, 0.903)"
Pearson,L_Y_sev__K_X_sev,all_pearson_L_Y_sev__K_X_sev_results.rds,100,0,0,4,4,0,0.04170465638901152,OPW,0.01584384902895328,0.0632356652305878,0.9285,0.9203,10000,"rho_xy=0, rho_uv=0, rho_true=0","eta_x=4, eta_y=4","rho_xy=0, rho_uv=0; eta_x=4, eta_y=4",0.01584384902895328,0.01584384902895328,-0.025860807360058236,0.025860807360058236,0.021499999999999964,0.02969999999999995,Severity,Severity,"0.016 (0.928, 0.920)"
Pearson,L_Y_sev__K_X_sev,all_pearson_L_Y_sev__K_X_sev_results.rds,100,0,0,4,4,0,0.04170465638901152,MOPW,0.009514471081311728,0.06924269933183365,0.9307,0.9057,10000,"rho_xy=0, rho_uv=0, rho_true=0","eta_x=4, eta_y=4","rho_xy=0, rho_uv=0; eta_x=4, eta_y=4",0.009514471081311728,0.009514471081311728,-0.03219018530769979,0.03219018530769979,0.019299999999999984,0.044300000000000006,Severity,Severity,"0.010 (0.931, 0.906)"
Pearson,L_Y_sev__K_X_sev,all_pearson_L_Y_sev__K_X_sev_results.rds,100,0,0.5,0,0,0.4,0.39759756691527215,no_weight,0.39759756691527215,0.06322141571424085,0.9378,0.9376,10000,"rho_xy=0, rho_uv=0.5, rho_true=0.4","eta_x=0, eta_y=0","rho_xy=0, rho_uv=0.5; eta_x=0, eta_y=0",-0.002402433084727873,0.002402433084727873,0,0,0.012199999999999989,0.012399999999999967,Severity,Severity,"0.398 (0.938, 0.938)"
Pearson,L_Y_sev__K_X_sev,all_pearson_L_Y_sev__K_X_sev_results.rds,100,0,0.5,0,0,0.4,0.39759756691527215,CW,0.3976123833024048,0.06321374767538952,0.9376,0.9367,10000,"rho_xy=0, rho_uv=0.5, rho_true=0.4","eta_x=0, eta_y=0","rho_xy=0, rho_uv=0.5; eta_x=0, eta_y=0",-0.0023876166975952406,0.0023876166975952406,1.4816387132632336e-5,1.4816387132632336e-5,0.012399999999999967,0.013299999999999979,Severity,Severity,"0.398 (0.938, 0.937)"
Pearson,L_Y_sev__K_X_sev,all_pearson_L_Y_sev__K_X_sev_results.rds,100,0,0.5,0,0,0.4,0.39759756691527215,PPW,0.1521054027161637,0.03256346247427016,0,0,10000,"rho_xy=0, rho_uv=0.5, rho_true=0.4","eta_x=0, eta_y=0","rho_xy=0, rho_uv=0.5; eta_x=0, eta_y=0",-0.2478945972838363,0.2478945972838363,-0.24549216419910844,0.24549216419910844,0.95,0.95,Severity,Severity,"0.152 (0.000, 0.000)"
Pearson,L_Y_sev__K_X_sev,all_pearson_L_Y_sev__K_X_sev_results.rds,100,0,0.5,0,0,0.4,0.39759756691527215,OPW,0.2683525349220774,0.05172028381767072,0.3119,0.3248,10000,"rho_xy=0, rho_uv=0.5, rho_true=0.4","eta_x=0, eta_y=0","rho_xy=0, rho_uv=0.5; eta_x=0, eta_y=0",-0.13164746507792263,0.13164746507792263,-0.12924503199319476,0.12924503199319476,0.6380999999999999,0.6252,Severity,Severity,"0.268 (0.312, 0.325)"
Pearson,L_Y_sev__K_X_sev,all_pearson_L_Y_sev__K_X_sev_results.rds,100,0,0.5,0,0,0.4,0.39759756691527215,MOPW,0.2831505410684246,0.055864450946062745,0.443,0.4559,10000,"rho_xy=0, rho_uv=0.5, rho_true=0.4","eta_x=0, eta_y=0","rho_xy=0, rho_uv=0.5; eta_x=0, eta_y=0",-0.11684945893157545,0.11684945893157545,-0.11444702584684757,0.11444702584684757,0.5069999999999999,0.49409999999999993,Severity,Severity,"0.283 (0.443, 0.456)"
Pearson,L_Y_sev__K_X_sev,all_pearson_L_Y_sev__K_X_sev_results.rds,100,0,0.5,0,4,0.4,0.31395107380266957,no_weight,0.31395107380266957,0.06658586635646396,0.7447,0.9357,10000,"rho_xy=0, rho_uv=0.5, rho_true=0.4","eta_x=0, eta_y=4","rho_xy=0, rho_uv=0.5; eta_x=0, eta_y=4",-0.08604892619733046,0.08604892619733046,0,0,0.20529999999999993,0.01429999999999998,Severity,Severity,"0.314 (0.745, 0.936)"
Pearson,L_Y_sev__K_X_sev,all_pearson_L_Y_sev__K_X_sev_results.rds,100,0,0.5,0,4,0.4,0.31395107380266957,CW,0.3697931714410929,0.06331407240220296,0.9225,0.816,10000,"rho_xy=0, rho_uv=0.5, rho_true=0.4","eta_x=0, eta_y=4","rho_xy=0, rho_uv=0.5; eta_x=0, eta_y=4",-0.030206828558907106,0.030206828558907106,0.05584209763842335,0.05584209763842335,0.02749999999999997,0.134,Severity,Severity,"0.370 (0.922, 0.816)"
Pearson,L_Y_sev__K_X_sev,all_pearson_L_Y_sev__K_X_sev_results.rds,100,0,0.5,0,4,0.4,0.31395107380266957,PPW,0.15805305051206775,0.035920041750355486,0,0.0068,10000,"rho_xy=0, rho_uv=0.5, rho_true=0.4","eta_x=0, eta_y=4","rho_xy=0, rho_uv=0.5; eta_x=0, eta_y=4",-0.24194694948793227,0.24194694948793227,-0.15589802329060182,0.15589802329060182,0.95,0.9431999999999999,Severity,Severity,"0.158 (0.000, 0.007)"
Pearson,L_Y_sev__K_X_sev,all_pearson_L_Y_sev__K_X_sev_results.rds,100,0,0.5,0,4,0.4,0.31395107380266957,OPW,0.2717912573553602,0.05355014829481451,0.3436,0.8487,10000,"rho_xy=0, rho_uv=0.5, rho_true=0.4","eta_x=0, eta_y=4","rho_xy=0, rho_uv=0.5; eta_x=0, eta_y=4",-0.12820874264463983,0.12820874264463983,-0.04215981644730937,0.04215981644730937,0.6063999999999999,0.10129999999999995,Severity,Severity,"0.272 (0.344, 0.849)"
Pearson,L_Y_sev__K_X_sev,all_pearson_L_Y_sev__K_X_sev_results.rds,100,0,0.5,0,4,0.4,0.31395107380266957,MOPW,0.2891451547302511,0.05787245364756477,0.5002,0.8926,10000,"rho_xy=0, rho_uv=0.5, rho_true=0.4","eta_x=0, eta_y=4","rho_xy=0, rho_uv=0.5; eta_x=0, eta_y=4",-0.11085484526974893,0.11085484526974893,-0.02480591907241847,0.02480591907241847,0.4498,0.05740000000000001,Severity,Severity,"0.289 (0.500, 0.893)"
Pearson,L_Y_sev__K_X_sev,all_pearson_L_Y_sev__K_X_sev_results.rds,100,0,0.5,4,0,0.4,0.3126895715301946,no_weight,0.3126895715301946,0.06656741786640047,0.7405,0.9335,10000,"rho_xy=0, rho_uv=0.5, rho_true=0.4","eta_x=4, eta_y=0","rho_xy=0, rho_uv=0.5; eta_x=4, eta_y=0",-0.08731042846980541,0.08731042846980541,0,0,0.2094999999999999,0.01649999999999996,Severity,Severity,"0.313 (0.741, 0.933)"
Pearson,L_Y_sev__K_X_sev,all_pearson_L_Y_sev__K_X_sev_results.rds,100,0,0.5,4,0,0.4,0.3126895715301946,CW,0.36910884916789527,0.06340375072857656,0.9242,0.8183,10000,"rho_xy=0, rho_uv=0.5, rho_true=0.4","eta_x=4, eta_y=0","rho_xy=0, rho_uv=0.5; eta_x=4, eta_y=0",-0.030891150832104752,0.030891150832104752,0.05641927763770066,0.05641927763770066,0.025799999999999934,0.13169999999999993,Severity,Severity,"0.369 (0.924, 0.818)"
Pearson,L_Y_sev__K_X_sev,all_pearson_L_Y_sev__K_X_sev_results.rds,100,0,0.5,4,0,0.4,0.3126895715301946,PPW,0.15728120637894752,0.03591402648711242,0,0.0074,10000,"rho_xy=0, rho_uv=0.5, rho_true=0.4","eta_x=4, eta_y=0","rho_xy=0, rho_uv=0.5; eta_x=4, eta_y=0",-0.2427187936210525,0.2427187936210525,-0.1554083651512471,0.1554083651512471,0.95,0.9426,Severity,Severity,"0.157 (0.000, 0.007)"
Pearson,L_Y_sev__K_X_sev,all_pearson_L_Y_sev__K_X_sev_results.rds,100,0,0.5,4,0,0.4,0.3126895715301946,OPW,0.2710988704820887,0.053665748228822856,0.336,0.8493,10000,"rho_xy=0, rho_uv=0.5, rho_true=0.4","eta_x=4, eta_y=0","rho_xy=0, rho_uv=0.5; eta_x=4, eta_y=0",-0.12890112951791133,0.12890112951791133,-0.041590701048105916,0.041590701048105916,0.6139999999999999,0.1006999999999999,Severity,Severity,"0.271 (0.336, 0.849)"
Pearson,L_Y_sev__K_X_sev,all_pearson_L_Y_sev__K_X_sev_results.rds,100,0,0.5,4,0,0.4,0.3126895715301946,MOPW,0.2883818436309318,0.05804378675079564,0.5018,0.9026,10000,"rho_xy=0, rho_uv=0.5, rho_true=0.4","eta_x=4, eta_y=0","rho_xy=0, rho_uv=0.5; eta_x=4, eta_y=0",-0.11161815636906824,0.11161815636906824,-0.024307727899262832,0.024307727899262832,0.44819999999999993,0.0474,Severity,Severity,"0.288 (0.502, 0.903)"
Pearson,L_Y_sev__K_X_sev,all_pearson_L_Y_sev__K_X_sev_results.rds,100,0,0.5,4,4,0.4,0.3056901188388735,no_weight,0.3056901188388735,0.07008092937717549,0.7041,0.9216,10000,"rho_xy=0, rho_uv=0.5, rho_true=0.4","eta_x=4, eta_y=4","rho_xy=0, rho_uv=0.5; eta_x=4, eta_y=4",-0.09430988116112654,0.09430988116112654,0,0,0.2459,0.02839999999999998,Severity,Severity,"0.306 (0.704, 0.922)"
Pearson,L_Y_sev__K_X_sev,all_pearson_L_Y_sev__K_X_sev_results.rds,100,0,0.5,4,4,0.4,0.3056901188388735,CW,0.39079882386269926,0.06488412706312835,0.935,0.706,10000,"rho_xy=0, rho_uv=0.5, rho_true=0.4","eta_x=4, eta_y=4","rho_xy=0, rho_uv=0.5; eta_x=4, eta_y=4",-0.00920117613730076,0.00920117613730076,0.08510870502382578,0.08510870502382578,0.014999999999999902,0.244,Severity,Severity,"0.391 (0.935, 0.706)"
Pearson,L_Y_sev__K_X_sev,all_pearson_L_Y_sev__K_X_sev_results.rds,100,0,0.5,4,4,0.4,0.3056901188388735,PPW,0.1783380529698312,0.03891682333304214,0,0.0973,10000,"rho_xy=0, rho_uv=0.5, rho_true=0.4","eta_x=4, eta_y=4","rho_xy=0, rho_uv=0.5; eta_x=4, eta_y=4",-0.2216619470301688,0.2216619470301688,-0.12735206586904227,0.12735206586904227,0.95,0.8527,Severity,Severity,"0.178 (0.000, 0.097)"
Pearson,L_Y_sev__K_X_sev,all_pearson_L_Y_sev__K_X_sev_results.rds,100,0,0.5,4,4,0.4,0.3056901188388735,OPW,0.28801608206926693,0.0562861378170407,0.4676,0.9208,10000,"rho_xy=0, rho_uv=0.5, rho_true=0.4","eta_x=4, eta_y=4","rho_xy=0, rho_uv=0.5; eta_x=4, eta_y=4",-0.11198391793073309,0.11198391793073309,-0.01767403676960655,0.01767403676960655,0.48239999999999994,0.029200000000000004,Severity,Severity,"0.288 (0.468, 0.921)"
Pearson,L_Y_sev__K_X_sev,all_pearson_L_Y_sev__K_X_sev_results.rds,100,0,0.5,4,4,0.4,0.3056901188388735,MOPW,0.2998863778086545,0.0609379678635521,0.5895,0.926,10000,"rho_xy=0, rho_uv=0.5, rho_true=0.4","eta_x=4, eta_y=4","rho_xy=0, rho_uv=0.5; eta_x=4, eta_y=4",-0.10011362219134551,0.10011362219134551,-0.005803741030218967,0.005803741030218967,0.36049999999999993,0.02399999999999991,Severity,Severity,"0.300 (0.590, 0.926)"
Pearson,L_Y_sev__K_X_sev,all_pearson_L_Y_sev__K_X_sev_results.rds,100,0.5,0,0,0,0.1,0.09996542732562726,no_weight,0.09996542732562726,0.07837981222474644,0.9306,0.9306,10000,"rho_xy=0.5, rho_uv=0, rho_true=0.1","eta_x=0, eta_y=0","rho_xy=0.5, rho_uv=0; eta_x=0, eta_y=0",-3.457267437274869e-5,3.457267437274869e-5,0,0,0.019399999999999973,0.019399999999999973,Severity,Severity,"0.100 (0.931, 0.931)"
Pearson,L_Y_sev__K_X_sev,all_pearson_L_Y_sev__K_X_sev_results.rds,100,0.5,0,0,0,0.1,0.09996542732562726,CW,0.09999124693497902,0.07836027083969968,0.9313,0.9312,10000,"rho_xy=0.5, rho_uv=0, rho_true=0.1","eta_x=0, eta_y=0","rho_xy=0.5, rho_uv=0; eta_x=0, eta_y=0",-8.753065020988826e-6,8.753065020988826e-6,2.5819609351759865e-5,2.5819609351759865e-5,0.01869999999999994,0.018799999999999928,Severity,Severity,"0.100 (0.931, 0.931)"
Pearson,L_Y_sev__K_X_sev,all_pearson_L_Y_sev__K_X_sev_results.rds,100,0.5,0,0,0,0.1,0.09996542732562726,PPW,0.1348570101664998,0.0375747345349694,0.8376,0.8375,10000,"rho_xy=0.5, rho_uv=0, rho_true=0.1","eta_x=0, eta_y=0","rho_xy=0.5, rho_uv=0; eta_x=0, eta_y=0",0.03485701016649981,0.03485701016649981,0.034891582840872556,0.034891582840872556,0.11239999999999994,0.11249999999999993,Severity,Severity,"0.135 (0.838, 0.838)"
Pearson,L_Y_sev__K_X_sev,all_pearson_L_Y_sev__K_X_sev_results.rds,100,0.5,0,0,0,0.1,0.09996542732562726,OPW,0.07990711064873915,0.054696463430320155,0.9205,0.9204,10000,"rho_xy=0.5, rho_uv=0, rho_true=0.1","eta_x=0, eta_y=0","rho_xy=0.5, rho_uv=0; eta_x=0, eta_y=0",-0.020092889351260856,0.020092889351260856,-0.020058316676888108,0.020058316676888108,0.02949999999999997,0.02959999999999996,Severity,Severity,"0.080 (0.920, 0.920)"
Pearson,L_Y_sev__K_X_sev,all_pearson_L_Y_sev__K_X_sev_results.rds,100,0.5,0,0,0,0.1,0.09996542732562726,MOPW,0.08410692072142453,0.05974132379862907,0.9239,0.9239,10000,"rho_xy=0.5, rho_uv=0, rho_true=0.1","eta_x=0, eta_y=0","rho_xy=0.5, rho_uv=0; eta_x=0, eta_y=0",-0.015893079278575473,0.015893079278575473,-0.015858506604202724,0.015858506604202724,0.0260999999999999,0.0260999999999999,Severity,Severity,"0.084 (0.924, 0.924)"
Pearson,L_Y_sev__K_X_sev,all_pearson_L_Y_sev__K_X_sev_results.rds,100,0.5,0,0,4,0.1,0.07717370016043457,no_weight,0.07717370016043457,0.07661923912393756,0.9225,0.9277,10000,"rho_xy=0.5, rho_uv=0, rho_true=0.1","eta_x=0, eta_y=4","rho_xy=0.5, rho_uv=0; eta_x=0, eta_y=4",-0.02282629983956544,0.02282629983956544,0,0,0.02749999999999997,0.022299999999999986,Severity,Severity,"0.077 (0.922, 0.928)"
Pearson,L_Y_sev__K_X_sev,all_pearson_L_Y_sev__K_X_sev_results.rds,100,0.5,0,0,4,0.1,0.07717370016043457,CW,0.03650001631394109,0.07769071980565045,0.8551,0.8995,10000,"rho_xy=0.5, rho_uv=0, rho_true=0.1","eta_x=0, eta_y=4","rho_xy=0.5, rho_uv=0; eta_x=0, eta_y=4",-0.06349998368605891,0.06349998368605891,-0.040673683846493475,0.040673683846493475,0.09489999999999998,0.05049999999999999,Severity,Severity,"0.037 (0.855, 0.899)"
Pearson,L_Y_sev__K_X_sev,all_pearson_L_Y_sev__K_X_sev_results.rds,100,0.5,0,0,4,0.1,0.07717370016043457,PPW,0.11212879483532286,0.04134519408618391,0.9381,0.8633,10000,"rho_xy=0.5, rho_uv=0, rho_true=0.1","eta_x=0, eta_y=4","rho_xy=0.5, rho_uv=0; eta_x=0, eta_y=4",0.01212879483532285,0.01212879483532285,0.03495509467488829,0.03495509467488829,0.01189999999999991,0.0867,Severity,Severity,"0.112 (0.938, 0.863)"
Pearson,L_Y_sev__K_X_sev,all_pearson_L_Y_sev__K_X_sev_results.rds,100,0.5,0,0,4,0.1,0.07717370016043457,OPW,0.04302635993826128,0.059587915784242655,0.8246,0.8993,10000,"rho_xy=0.5, rho_uv=0, rho_true=0.1","eta_x=0, eta_y=4","rho_xy=0.5, rho_uv=0; eta_x=0, eta_y=4",-0.056973640061738724,0.056973640061738724,-0.034147340222173285,0.034147340222173285,0.12539999999999996,0.05069999999999997,Severity,Severity,"0.043 (0.825, 0.899)"
Pearson,L_Y_sev__K_X_sev,all_pearson_L_Y_sev__K_X_sev_results.rds,100,0.5,0,0,4,0.1,0.07717370016043457,MOPW,0.034758608259867096,0.06588907493590539,0.813,0.8835,10000,"rho_xy=0.5, rho_uv=0, rho_true=0.1","eta_x=0, eta_y=4","rho_xy=0.5, rho_uv=0; eta_x=0, eta_y=4",-0.06524139174013291,0.06524139174013291,-0.04241509190056747,0.04241509190056747,0.137,0.0665,Severity,Severity,"0.035 (0.813, 0.883)"
Pearson,L_Y_sev__K_X_sev,all_pearson_L_Y_sev__K_X_sev_results.rds,100,0.5,0,4,0,0.1,0.0777617865477644,no_weight,0.0777617865477644,0.07684328294741619,0.9214,0.9321,10000,"rho_xy=0.5, rho_uv=0, rho_true=0.1","eta_x=4, eta_y=0","rho_xy=0.5, rho_uv=0; eta_x=4, eta_y=0",-0.022238213452235603,0.022238213452235603,0,0,0.02859999999999996,0.017899999999999916,Severity,Severity,"0.078 (0.921, 0.932)"
Pearson,L_Y_sev__K_X_sev,all_pearson_L_Y_sev__K_X_sev_results.rds,100,0.5,0,4,0,0.1,0.0777617865477644,CW,0.03747150697787186,0.07789357471297974,0.8619,0.907,10000,"rho_xy=0.5, rho_uv=0, rho_true=0.1","eta_x=4, eta_y=0","rho_xy=0.5, rho_uv=0; eta_x=4, eta_y=0",-0.06252849302212815,0.06252849302212815,-0.04029027956989254,0.04029027956989254,0.08809999999999996,0.04299999999999993,Severity,Severity,"0.037 (0.862, 0.907)"
Pearson,L_Y_sev__K_X_sev,all_pearson_L_Y_sev__K_X_sev_results.rds,100,0.5,0,4,0,0.1,0.0777617865477644,PPW,0.11260225874499336,0.04136726769483512,0.9312,0.8558,10000,"rho_xy=0.5, rho_uv=0, rho_true=0.1","eta_x=4, eta_y=0","rho_xy=0.5, rho_uv=0; eta_x=4, eta_y=0",0.01260225874499335,0.01260225874499335,0.03484047219722895,0.03484047219722895,0.018799999999999928,0.09419999999999995,Severity,Severity,"0.113 (0.931, 0.856)"
Pearson,L_Y_sev__K_X_sev,all_pearson_L_Y_sev__K_X_sev_results.rds,100,0.5,0,4,0,0.1,0.0777617865477644,OPW,0.04355730149399811,0.05974790789449674,0.8325,0.9003,10000,"rho_xy=0.5, rho_uv=0, rho_true=0.1","eta_x=4, eta_y=0","rho_xy=0.5, rho_uv=0; eta_x=4, eta_y=0",-0.05644269850600189,0.05644269850600189,-0.03420448505376629,0.03420448505376629,0.11749999999999994,0.049699999999999966,Severity,Severity,"0.044 (0.833, 0.900)"
Pearson,L_Y_sev__K_X_sev,all_pearson_L_Y_sev__K_X_sev_results.rds,100,0.5,0,4,0,0.1,0.0777617865477644,MOPW,0.03540020606191864,0.06608276113466124,0.8184,0.885,10000,"rho_xy=0.5, rho_uv=0, rho_true=0.1","eta_x=4, eta_y=0","rho_xy=0.5, rho_uv=0; eta_x=4, eta_y=0",-0.06459979393808137,0.06459979393808137,-0.04236158048584576,0.04236158048584576,0.13159999999999994,0.06499999999999995,Severity,Severity,"0.035 (0.818, 0.885)"
Pearson,L_Y_sev__K_X_sev,all_pearson_L_Y_sev__K_X_sev_results.rds,100,0.5,0,4,4,0.1,0.10340704994244598,no_weight,0.10340704994244598,0.07444371278240035,0.9276,0.9272,10000,"rho_xy=0.5, rho_uv=0, rho_true=0.1","eta_x=4, eta_y=4","rho_xy=0.5, rho_uv=0; eta_x=4, eta_y=4",0.0034070499424459777,0.0034070499424459777,0,0,0.022399999999999975,0.02279999999999993,Severity,Severity,"0.103 (0.928, 0.927)"
Pearson,L_Y_sev__K_X_sev,all_pearson_L_Y_sev__K_X_sev_results.rds,100,0.5,0,4,4,0.1,0.10340704994244598,CW,0.022137142345614234,0.07974218607065724,0.8115,0.8003,10000,"rho_xy=0.5, rho_uv=0, rho_true=0.1","eta_x=4, eta_y=4","rho_xy=0.5, rho_uv=0; eta_x=4, eta_y=4",-0.07786285765438578,0.07786285765438578,-0.08126990759683175,0.08126990759683175,0.13849999999999996,0.14969999999999994,Severity,Severity,"0.022 (0.811, 0.800)"
Pearson,L_Y_sev__K_X_sev,all_pearson_L_Y_sev__K_X_sev_results.rds,100,0.5,0,4,4,0.1,0.10340704994244598,PPW,0.11263813348374006,0.04556967247448524,0.9294,0.9335,10000,"rho_xy=0.5, rho_uv=0, rho_true=0.1","eta_x=4, eta_y=4","rho_xy=0.5, rho_uv=0; eta_x=4, eta_y=4",0.012638133483740058,0.012638133483740058,0.00923108354129408,0.00923108354129408,0.02059999999999995,0.01649999999999996,Severity,Severity,"0.113 (0.929, 0.933)"
Pearson,L_Y_sev__K_X_sev,all_pearson_L_Y_sev__K_X_sev_results.rds,100,0.5,0,4,4,0.1,0.10340704994244598,OPW,0.025969265758014556,0.0655167254914146,0.7761,0.7622,10000,"rho_xy=0.5, rho_uv=0, rho_true=0.1","eta_x=4, eta_y=4","rho_xy=0.5, rho_uv=0; eta_x=4, eta_y=4",-0.07403073424198545,0.07403073424198545,-0.07743778418443142,0.07743778418443142,0.17389999999999994,0.18779999999999997,Severity,Severity,"0.026 (0.776, 0.762)"
Pearson,L_Y_sev__K_X_sev,all_pearson_L_Y_sev__K_X_sev_results.rds,100,0.5,0,4,4,0.1,0.10340704994244598,MOPW,0.0010135620306288117,0.07262454634512946,0.7028,0.6877,10000,"rho_xy=0.5, rho_uv=0, rho_true=0.1","eta_x=4, eta_y=4","rho_xy=0.5, rho_uv=0; eta_x=4, eta_y=4",-0.09898643796937119,0.09898643796937119,-0.10239348791181717,0.10239348791181717,0.24719999999999998,0.2623,Severity,Severity,"0.001 (0.703, 0.688)"
Pearson,L_Y_sev__K_X_sev,all_pearson_L_Y_sev__K_X_sev_results.rds,100,0.5,0.5,0,0,0.5,0.49768850758404126,no_weight,0.49768850758404126,0.0587454641239885,0.9336,0.9314,10000,"rho_xy=0.5, rho_uv=0.5, rho_true=0.5","eta_x=0, eta_y=0","rho_xy=0.5, rho_uv=0.5; eta_x=0, eta_y=0",-0.002311492415958738,0.002311492415958738,0,0,0.01639999999999997,0.01859999999999995,Severity,Severity,"0.498 (0.934, 0.931)"
Pearson,L_Y_sev__K_X_sev,all_pearson_L_Y_sev__K_X_sev_results.rds,100,0.5,0.5,0,0,0.5,0.49768850758404126,CW,0.4976879576636115,0.05873652939441235,0.9338,0.9314,10000,"rho_xy=0.5, rho_uv=0.5, rho_true=0.5","eta_x=0, eta_y=0","rho_xy=0.5, rho_uv=0.5; eta_x=0, eta_y=0",-0.0023120423363884868,0.0023120423363884868,-5.499204297487736e-7,5.499204297487736e-7,0.016199999999999992,0.01859999999999995,Severity,Severity,"0.498 (0.934, 0.931)"
Pearson,L_Y_sev__K_X_sev,all_pearson_L_Y_sev__K_X_sev_results.rds,100,0.5,0.5,0,0,0.5,0.49768850758404126,PPW,0.31421510937790176,0.034336073208034716,1e-4,1e-4,10000,"rho_xy=0.5, rho_uv=0.5, rho_true=0.5","eta_x=0, eta_y=0","rho_xy=0.5, rho_uv=0.5; eta_x=0, eta_y=0",-0.18578489062209824,0.18578489062209824,-0.1834733982061395,0.1834733982061395,0.9499,0.9499,Severity,Severity,"0.314 (0.000, 0.000)"
Pearson,L_Y_sev__K_X_sev,all_pearson_L_Y_sev__K_X_sev_results.rds,100,0.5,0.5,0,0,0.5,0.49768850758404126,OPW,0.3723452539498146,0.05139258788742624,0.3235,0.3348,10000,"rho_xy=0.5, rho_uv=0.5, rho_true=0.5","eta_x=0, eta_y=0","rho_xy=0.5, rho_uv=0.5; eta_x=0, eta_y=0",-0.1276547460501854,0.1276547460501854,-0.12534325363422666,0.12534325363422666,0.6265,0.6152,Severity,Severity,"0.372 (0.324, 0.335)"
Pearson,L_Y_sev__K_X_sev,all_pearson_L_Y_sev__K_X_sev_results.rds,100,0.5,0.5,0,0,0.5,0.49768850758404126,MOPW,0.3938989440680999,0.055234744033414156,0.4969,0.5081,10000,"rho_xy=0.5, rho_uv=0.5, rho_true=0.5","eta_x=0, eta_y=0","rho_xy=0.5, rho_uv=0.5; eta_x=0, eta_y=0",-0.10610105593190011,0.10610105593190011,-0.10378956351594137,0.10378956351594137,0.45309999999999995,0.44189999999999996,Severity,Severity,"0.394 (0.497, 0.508)"
Pearson,L_Y_sev__K_X_sev,all_pearson_L_Y_sev__K_X_sev_results.rds,100,0.5,0.5,0,4,0.5,0.4022938268694373,no_weight,0.4022938268694373,0.06454627001758358,0.6873,0.9335,10000,"rho_xy=0.5, rho_uv=0.5, rho_true=0.5","eta_x=0, eta_y=4","rho_xy=0.5, rho_uv=0.5; eta_x=0, eta_y=4",-0.09770617313056268,0.09770617313056268,0,0,0.26269999999999993,0.01649999999999996,Severity,Severity,"0.402 (0.687, 0.933)"
Pearson,L_Y_sev__K_X_sev,all_pearson_L_Y_sev__K_X_sev_results.rds,100,0.5,0.5,0,4,0.5,0.4022938268694373,CW,0.42241092295158306,0.06346252692338461,0.7898,0.9162,10000,"rho_xy=0.5, rho_uv=0.5, rho_true=0.5","eta_x=0, eta_y=4","rho_xy=0.5, rho_uv=0.5; eta_x=0, eta_y=4",-0.07758907704841694,0.07758907704841694,0.020117096082145736,0.020117096082145736,0.1602,0.03379999999999994,Severity,Severity,"0.422 (0.790, 0.916)"
Pearson,L_Y_sev__K_X_sev,all_pearson_L_Y_sev__K_X_sev_results.rds,100,0.5,0.5,0,4,0.5,0.4022938268694373,PPW,0.2962317887571734,0.03746330464245167,0,0.1821,10000,"rho_xy=0.5, rho_uv=0.5, rho_true=0.5","eta_x=0, eta_y=4","rho_xy=0.5, rho_uv=0.5; eta_x=0, eta_y=4",-0.20376821124282662,0.20376821124282662,-0.10606203811226395,0.10606203811226395,0.95,0.7678999999999999,Severity,Severity,"0.296 (0.000, 0.182)"
Pearson,L_Y_sev__K_X_sev,all_pearson_L_Y_sev__K_X_sev_results.rds,100,0.5,0.5,0,4,0.5,0.4022938268694373,OPW,0.3415935633323997,0.054443676835998926,0.1916,0.7807,10000,"rho_xy=0.5, rho_uv=0.5, rho_true=0.5","eta_x=0, eta_y=4","rho_xy=0.5, rho_uv=0.5; eta_x=0, eta_y=4",-0.1584064366676003,0.1584064366676003,-0.06070026353703761,0.06070026353703761,0.7584,0.1693,Severity,Severity,"0.342 (0.192, 0.781)"
Pearson,L_Y_sev__K_X_sev,all_pearson_L_Y_sev__K_X_sev_results.rds,100,0.5,0.5,0,4,0.5,0.4022938268694373,MOPW,0.3562764955905032,0.05930649600345597,0.3281,0.8476,10000,"rho_xy=0.5, rho_uv=0.5, rho_true=0.5","eta_x=0, eta_y=4","rho_xy=0.5, rho_uv=0.5; eta_x=0, eta_y=4",-0.14372350440949683,0.14372350440949683,-0.04601733127893415,0.04601733127893415,0.6218999999999999,0.10239999999999994,Severity,Severity,"0.356 (0.328, 0.848)"
Pearson,L_Y_sev__K_X_sev,all_pearson_L_Y_sev__K_X_sev_results.rds,100,0.5,0.5,4,0,0.5,0.40267635441906474,no_weight,0.40267635441906474,0.0644063117870347,0.6848,0.9299,10000,"rho_xy=0.5, rho_uv=0.5, rho_true=0.5","eta_x=4, eta_y=0","rho_xy=0.5, rho_uv=0.5; eta_x=4, eta_y=0",-0.09732364558093526,0.09732364558093526,0,0,0.2652,0.020100000000000007,Severity,Severity,"0.403 (0.685, 0.930)"
Pearson,L_Y_sev__K_X_sev,all_pearson_L_Y_sev__K_X_sev_results.rds,100,0.5,0.5,4,0,0.5,0.40267635441906474,CW,0.42266883603252864,0.06336058924225353,0.7878,0.9104,10000,"rho_xy=0.5, rho_uv=0.5, rho_true=0.5","eta_x=4, eta_y=0","rho_xy=0.5, rho_uv=0.5; eta_x=4, eta_y=0",-0.07733116396747136,0.07733116396747136,0.019992481613463897,0.019992481613463897,0.1622,0.03959999999999997,Severity,Severity,"0.423 (0.788, 0.910)"
Pearson,L_Y_sev__K_X_sev,all_pearson_L_Y_sev__K_X_sev_results.rds,100,0.5,0.5,4,0,0.5,0.40267635441906474,PPW,0.29664678955288404,0.03746878528206606,0,0.1758,10000,"rho_xy=0.5, rho_uv=0.5, rho_true=0.5","eta_x=4, eta_y=0","rho_xy=0.5, rho_uv=0.5; eta_x=4, eta_y=0",-0.20335321044711596,0.20335321044711596,-0.1060295648661807,0.1060295648661807,0.95,0.7742,Severity,Severity,"0.297 (0.000, 0.176)"
Pearson,L_Y_sev__K_X_sev,all_pearson_L_Y_sev__K_X_sev_results.rds,100,0.5,0.5,4,0,0.5,0.40267635441906474,OPW,0.3415332825842735,0.05428908388548822,0.1865,0.7752,10000,"rho_xy=0.5, rho_uv=0.5, rho_true=0.5","eta_x=4, eta_y=0","rho_xy=0.5, rho_uv=0.5; eta_x=4, eta_y=0",-0.1584667174157265,0.1584667174157265,-0.06114307183479123,0.06114307183479123,0.7635,0.17479999999999996,Severity,Severity,"0.342 (0.186, 0.775)"
Pearson,L_Y_sev__K_X_sev,all_pearson_L_Y_sev__K_X_sev_results.rds,100,0.5,0.5,4,0,0.5,0.40267635441906474,MOPW,0.3560411301582192,0.05909167315763533,0.3274,0.8463,10000,"rho_xy=0.5, rho_uv=0.5, rho_true=0.5","eta_x=4, eta_y=0","rho_xy=0.5, rho_uv=0.5; eta_x=4, eta_y=0",-0.1439588698417808,0.1439588698417808,-0.04663522426084554,0.04663522426084554,0.6225999999999999,0.1036999999999999,Severity,Severity,"0.356 (0.327, 0.846)"
Pearson,L_Y_sev__K_X_sev,all_pearson_L_Y_sev__K_X_sev_results.rds,100,0.5,0.5,4,4,0.5,0.3914005085004409,no_weight,0.3914005085004409,0.06845302446996353,0.6468,0.9278,10000,"rho_xy=0.5, rho_uv=0.5, rho_true=0.5","eta_x=4, eta_y=4","rho_xy=0.5, rho_uv=0.5; eta_x=4, eta_y=4",-0.10859949149955911,0.10859949149955911,0,0,0.3031999999999999,0.022199999999999998,Severity,Severity,"0.391 (0.647, 0.928)"
Pearson,L_Y_sev__K_X_sev,all_pearson_L_Y_sev__K_X_sev_results.rds,100,0.5,0.5,4,4,0.5,0.3914005085004409,CW,0.41033846623765025,0.0678276716994895,0.7628,0.9167,10000,"rho_xy=0.5, rho_uv=0.5, rho_true=0.5","eta_x=4, eta_y=4","rho_xy=0.5, rho_uv=0.5; eta_x=4, eta_y=4",-0.08966153376234975,0.08966153376234975,0.018937957737209354,0.018937957737209354,0.18719999999999992,0.033299999999999996,Severity,Severity,"0.410 (0.763, 0.917)"
Pearson,L_Y_sev__K_X_sev,all_pearson_L_Y_sev__K_X_sev_results.rds,100,0.5,0.5,4,4,0.5,0.3914005085004409,PPW,0.3033289676633883,0.04021589550250584,3e-4,0.4145,10000,"rho_xy=0.5, rho_uv=0.5, rho_true=0.5","eta_x=4, eta_y=4","rho_xy=0.5, rho_uv=0.5; eta_x=4, eta_y=4",-0.1966710323366117,0.1966710323366117,-0.0880715408370526,0.0880715408370526,0.9497,0.5355,Severity,Severity,"0.303 (0.000, 0.414)"
Pearson,L_Y_sev__K_X_sev,all_pearson_L_Y_sev__K_X_sev_results.rds,100,0.5,0.5,4,4,0.5,0.3914005085004409,OPW,0.33862321268010026,0.058629042695548826,0.2302,0.8375,10000,"rho_xy=0.5, rho_uv=0.5, rho_true=0.5","eta_x=4, eta_y=4","rho_xy=0.5, rho_uv=0.5; eta_x=4, eta_y=4",-0.16137678731989974,0.16137678731989974,-0.05277729582034063,0.05277729582034063,0.7198,0.11249999999999993,Severity,Severity,"0.339 (0.230, 0.838)"
Pearson,L_Y_sev__K_X_sev,all_pearson_L_Y_sev__K_X_sev_results.rds,100,0.5,0.5,4,4,0.5,0.3914005085004409,MOPW,0.3435714206945468,0.0647503254098936,0.3327,0.8612,10000,"rho_xy=0.5, rho_uv=0.5, rho_true=0.5","eta_x=4, eta_y=4","rho_xy=0.5, rho_uv=0.5; eta_x=4, eta_y=4",-0.15642857930545317,0.15642857930545317,-0.047829087805894066,0.047829087805894066,0.6173,0.08879999999999999,Severity,Severity,"0.344 (0.333, 0.861)"
Phi,L_Y_sev__K_X_sev,all_phi_L_Y_sev__K_X_sev_results.rds,100,0,0,0,0,0,-0.0014323490426183215,no_weight,-0.0014323490426183215,0.05898472327036433,0.9462,0.9457,10000,"rho_xy=0, rho_uv=0, rho_true=0","eta_x=0, eta_y=0","rho_xy=0, rho_uv=0; eta_x=0, eta_y=0",-0.0014323490426183215,0.0014323490426183215,0,0,0.0037999999999999146,0.0042999999999999705,Severity,Severity,"-0.001 (0.946, 0.946)"
Phi,L_Y_sev__K_X_sev,all_phi_L_Y_sev__K_X_sev_results.rds,100,0,0,0,0,0,-0.0014323490426183215,CW,-0.0014241925846755642,0.058970962007976704,0.9457,0.946,10000,"rho_xy=0, rho_uv=0, rho_true=0","eta_x=0, eta_y=0","rho_xy=0, rho_uv=0; eta_x=0, eta_y=0",-0.0014241925846755642,0.0014241925846755642,8.156457942757331e-6,8.156457942757331e-6,0.0042999999999999705,0.0040000000000000036,Severity,Severity,"-0.001 (0.946, 0.946)"
Phi,L_Y_sev__K_X_sev,all_phi_L_Y_sev__K_X_sev_results.rds,100,0,0,0,0,0,-0.0014323490426183215,PPW,-4.4560109584561064e-4,0.028403596149458334,0.9482,0.9496,10000,"rho_xy=0, rho_uv=0, rho_true=0","eta_x=0, eta_y=0","rho_xy=0, rho_uv=0; eta_x=0, eta_y=0",-4.4560109584561064e-4,4.4560109584561064e-4,9.867479467727109e-4,9.867479467727109e-4,0.0017999999999999128,3.9999999999995595e-4,Severity,Severity,"-0.000 (0.948, 0.950)"
Phi,L_Y_sev__K_X_sev,all_phi_L_Y_sev__K_X_sev_results.rds,100,0,0,0,0,0,-0.0014323490426183215,OPW,-5.903673004470182e-4,0.0402458515663383,0.9467,0.9465,10000,"rho_xy=0, rho_uv=0, rho_true=0","eta_x=0, eta_y=0","rho_xy=0, rho_uv=0; eta_x=0, eta_y=0",-5.903673004470182e-4,5.903673004470182e-4,8.419817421713033e-4,8.419817421713033e-4,0.0032999999999999696,0.0034999999999999476,Severity,Severity,"-0.001 (0.947, 0.947)"
Phi,L_Y_sev__K_X_sev,all_phi_L_Y_sev__K_X_sev_results.rds,100,0,0,0,0,0,-0.0014323490426183215,MOPW,-6.053662616196957e-4,0.04189347962860408,0.9463,0.9467,10000,"rho_xy=0, rho_uv=0, rho_true=0","eta_x=0, eta_y=0","rho_xy=0, rho_uv=0; eta_x=0, eta_y=0",-6.053662616196957e-4,6.053662616196957e-4,8.269827809986258e-4,8.269827809986258e-4,0.0036999999999999256,0.0032999999999999696,Severity,Severity,"-0.001 (0.946, 0.947)"
Phi,L_Y_sev__K_X_sev,all_phi_L_Y_sev__K_X_sev_results.rds,100,0,0,0,4,0,7.311008787363624e-4,no_weight,7.311008787363624e-4,0.050631939697587953,0.9429,0.9431,10000,"rho_xy=0, rho_uv=0, rho_true=0","eta_x=0, eta_y=4","rho_xy=0, rho_uv=0; eta_x=0, eta_y=4",7.311008787363624e-4,7.311008787363624e-4,0,0,0.007099999999999995,0.006899999999999906,Severity,Severity,"0.001 (0.943, 0.943)"
Phi,L_Y_sev__K_X_sev,all_phi_L_Y_sev__K_X_sev_results.rds,100,0,0,0,4,0,7.311008787363624e-4,CW,8.168397043092296e-4,0.05757466286623478,0.9422,0.9421,10000,"rho_xy=0, rho_uv=0, rho_true=0","eta_x=0, eta_y=4","rho_xy=0, rho_uv=0; eta_x=0, eta_y=4",8.168397043092296e-4,8.168397043092296e-4,8.573882557286726e-5,8.573882557286726e-5,0.007799999999999918,0.007899999999999907,Severity,Severity,"0.001 (0.942, 0.942)"
Phi,L_Y_sev__K_X_sev,all_phi_L_Y_sev__K_X_sev_results.rds,100,0,0,0,4,0,7.311008787363624e-4,PPW,5.449962778675663e-4,0.03109206409276323,0.9474,0.947,10000,"rho_xy=0, rho_uv=0, rho_true=0","eta_x=0, eta_y=4","rho_xy=0, rho_uv=0; eta_x=0, eta_y=4",5.449962778675663e-4,5.449962778675663e-4,-1.861046008687961e-4,1.861046008687961e-4,0.0025999999999999357,0.0030000000000000027,Severity,Severity,"0.001 (0.947, 0.947)"
Phi,L_Y_sev__K_X_sev,all_phi_L_Y_sev__K_X_sev_results.rds,100,0,0,0,4,0,7.311008787363624e-4,OPW,7.591052445979613e-4,0.043740522758978016,0.9428,0.9433,10000,"rho_xy=0, rho_uv=0, rho_true=0","eta_x=0, eta_y=4","rho_xy=0, rho_uv=0; eta_x=0, eta_y=4",7.591052445979613e-4,7.591052445979613e-4,2.8004365861598922e-5,2.8004365861598922e-5,0.007199999999999984,0.006699999999999928,Severity,Severity,"0.001 (0.943, 0.943)"
Phi,L_Y_sev__K_X_sev,all_phi_L_Y_sev__K_X_sev_results.rds,100,0,0,0,4,0,7.311008787363624e-4,MOPW,8.359549571851594e-4,0.04623549947532266,0.9401,0.9402,10000,"rho_xy=0, rho_uv=0, rho_true=0","eta_x=0, eta_y=4","rho_xy=0, rho_uv=0; eta_x=0, eta_y=4",8.359549571851594e-4,8.359549571851594e-4,1.0485407844879708e-4,1.0485407844879708e-4,0.009899999999999909,0.00979999999999992,Severity,Severity,"0.001 (0.940, 0.940)"
Phi,L_Y_sev__K_X_sev,all_phi_L_Y_sev__K_X_sev_results.rds,100,0,0,4,0,0,2.490410009296811e-4,no_weight,2.490410009296811e-4,0.050697978979435294,0.9481,0.948,10000,"rho_xy=0, rho_uv=0, rho_true=0","eta_x=4, eta_y=0","rho_xy=0, rho_uv=0; eta_x=4, eta_y=0",2.490410009296811e-4,2.490410009296811e-4,0,0,0.0018999999999999018,0.0020000000000000018,Severity,Severity,"0.000 (0.948, 0.948)"
Phi,L_Y_sev__K_X_sev,all_phi_L_Y_sev__K_X_sev_results.rds,100,0,0,4,0,0,2.490410009296811e-4,CW,-6.35730743582171e-5,0.05761592792073796,0.9458,0.9455,10000,"rho_xy=0, rho_uv=0, rho_true=0","eta_x=4, eta_y=0","rho_xy=0, rho_uv=0; eta_x=4, eta_y=0",-6.35730743582171e-5,6.35730743582171e-5,-3.126140752878982e-4,3.126140752878982e-4,0.0041999999999999815,0.0044999999999999485,Severity,Severity,"-0.000 (0.946, 0.946)"
Phi,L_Y_sev__K_X_sev,all_phi_L_Y_sev__K_X_sev_results.rds,100,0,0,4,0,0,2.490410009296811e-4,PPW,5.497969337774076e-5,0.03112184653365762,0.9532,0.9531,10000,"rho_xy=0, rho_uv=0, rho_true=0","eta_x=4, eta_y=0","rho_xy=0, rho_uv=0; eta_x=4, eta_y=0",5.497969337774076e-5,5.497969337774076e-5,-1.9406130755194036e-4,1.9406130755194036e-4,0.0032000000000000917,0.0030999999999999917,Severity,Severity,"0.000 (0.953, 0.953)"
Phi,L_Y_sev__K_X_sev,all_phi_L_Y_sev__K_X_sev_results.rds,100,0,0,4,0,0,2.490410009296811e-4,OPW,-1.3463193419506334e-4,0.04379152335495473,0.9441,0.9442,10000,"rho_xy=0, rho_uv=0, rho_true=0","eta_x=4, eta_y=0","rho_xy=0, rho_uv=0; eta_x=4, eta_y=0",-1.3463193419506334e-4,1.3463193419506334e-4,-3.8367293512474445e-4,3.8367293512474445e-4,0.005899999999999905,0.005799999999999916,Severity,Severity,"-0.000 (0.944, 0.944)"
Phi,L_Y_sev__K_X_sev,all_phi_L_Y_sev__K_X_sev_results.rds,100,0,0,4,0,0,2.490410009296811e-4,MOPW,-1.9053292007451672e-4,0.04628135359548142,0.9436,0.9436,10000,"rho_xy=0, rho_uv=0, rho_true=0","eta_x=4, eta_y=0","rho_xy=0, rho_uv=0; eta_x=4, eta_y=0",-1.9053292007451672e-4,1.9053292007451672e-4,-4.3957392100419783e-4,4.3957392100419783e-4,0.006399999999999961,0.006399999999999961,Severity,Severity,"-0.000 (0.944, 0.944)"
Phi,L_Y_sev__K_X_sev,all_phi_L_Y_sev__K_X_sev_results.rds,100,0,0,4,4,0,0.043377813680064346,no_weight,0.043377813680064346,0.04552790078224201,0.836,0.9426,10000,"rho_xy=0, rho_uv=0, rho_true=0","eta_x=4, eta_y=4","rho_xy=0, rho_uv=0; eta_x=4, eta_y=4",0.043377813680064346,0.043377813680064346,0,0,0.11399999999999999,0.007399999999999962,Severity,Severity,"0.043 (0.836, 0.943)"
Phi,L_Y_sev__K_X_sev,all_phi_L_Y_sev__K_X_sev_results.rds,100,0,0,4,4,0,0.043377813680064346,CW,0.030648297323583578,0.05741983423405853,0.9062,0.9364,10000,"rho_xy=0, rho_uv=0, rho_true=0","eta_x=4, eta_y=4","rho_xy=0, rho_uv=0; eta_x=4, eta_y=4",0.030648297323583578,0.030648297323583578,-0.012729516356480768,0.012729516356480768,0.04379999999999995,0.013599999999999945,Severity,Severity,"0.031 (0.906, 0.936)"
Phi,L_Y_sev__K_X_sev,all_phi_L_Y_sev__K_X_sev_results.rds,100,0,0,4,4,0,0.043377813680064346,PPW,0.01769314944795074,0.0333199650146168,0.9128,0.8751,10000,"rho_xy=0, rho_uv=0, rho_true=0","eta_x=4, eta_y=4","rho_xy=0, rho_uv=0; eta_x=4, eta_y=4",0.01769314944795074,0.01769314944795074,-0.025684664232113606,0.025684664232113606,0.03720000000000001,0.07489999999999997,Severity,Severity,"0.018 (0.913, 0.875)"
Phi,L_Y_sev__K_X_sev,all_phi_L_Y_sev__K_X_sev_results.rds,100,0,0,4,4,0,0.043377813680064346,OPW,0.019673081252797087,0.046756922960765133,0.9201,0.9121,10000,"rho_xy=0, rho_uv=0, rho_true=0","eta_x=4, eta_y=4","rho_xy=0, rho_uv=0; eta_x=4, eta_y=4",0.019673081252797087,0.019673081252797087,-0.02370473242726726,0.02370473242726726,0.029899999999999927,0.037899999999999934,Severity,Severity,"0.020 (0.920, 0.912)"
Phi,L_Y_sev__K_X_sev,all_phi_L_Y_sev__K_X_sev_results.rds,100,0,0,4,4,0,0.043377813680064346,MOPW,0.017658133421242322,0.0497147413624942,0.9282,0.9061,10000,"rho_xy=0, rho_uv=0, rho_true=0","eta_x=4, eta_y=4","rho_xy=0, rho_uv=0; eta_x=4, eta_y=4",0.017658133421242322,0.017658133421242322,-0.025719680258822025,0.025719680258822025,0.02179999999999993,0.04389999999999994,Severity,Severity,"0.018 (0.928, 0.906)"
Phi,L_Y_sev__K_X_sev,all_phi_L_Y_sev__K_X_sev_results.rds,100,0,0.5,0,0,0.4,0.2608331005285745,no_weight,0.2608331005285745,0.05452613668362996,0.272,0.9459,10000,"rho_xy=0, rho_uv=0.5, rho_true=0.4","eta_x=0, eta_y=0","rho_xy=0, rho_uv=0.5; eta_x=0, eta_y=0",-0.13916689947142552,0.13916689947142552,0,0,0.6779999999999999,0.0040999999999999925,Severity,Severity,"0.261 (0.272, 0.946)"
Phi,L_Y_sev__K_X_sev,all_phi_L_Y_sev__K_X_sev_results.rds,100,0,0.5,0,0,0.4,0.2608331005285745,CW,0.2608511390458931,0.05451545627739348,0.2724,0.9457,10000,"rho_xy=0, rho_uv=0.5, rho_true=0.4","eta_x=0, eta_y=0","rho_xy=0, rho_uv=0.5; eta_x=0, eta_y=0",-0.13914886095410695,0.13914886095410695,1.8038517318574865e-5,1.8038517318574865e-5,0.6776,0.0042999999999999705,Severity,Severity,"0.261 (0.272, 0.946)"
Phi,L_Y_sev__K_X_sev,all_phi_L_Y_sev__K_X_sev_results.rds,100,0,0.5,0,0,0.4,0.2608331005285745,PPW,0.09956619678645172,0.027990507353328115,0,2e-4,10000,"rho_xy=0, rho_uv=0.5, rho_true=0.4","eta_x=0, eta_y=0","rho_xy=0, rho_uv=0.5; eta_x=0, eta_y=0",-0.3004338032135483,0.3004338032135483,-0.16126690374212277,0.16126690374212277,0.95,0.9498,Severity,Severity,"0.100 (0.000, 0.000)"
Phi,L_Y_sev__K_X_sev,all_phi_L_Y_sev__K_X_sev_results.rds,100,0,0.5,0,0,0.4,0.2608331005285745,OPW,0.18053793736212573,0.0391323957972357,2e-4,0.4631,10000,"rho_xy=0, rho_uv=0.5, rho_true=0.4","eta_x=0, eta_y=0","rho_xy=0, rho_uv=0.5; eta_x=0, eta_y=0",-0.2194620626378743,0.2194620626378743,-0.08029516316644877,0.08029516316644877,0.9498,0.48689999999999994,Severity,Severity,"0.181 (0.000, 0.463)"
Phi,L_Y_sev__K_X_sev,all_phi_L_Y_sev__K_X_sev_results.rds,100,0,0.5,0,0,0.4,0.2608331005285745,MOPW,0.18872099594516795,0.040853092154887485,0.001,0.5738,10000,"rho_xy=0, rho_uv=0.5, rho_true=0.4","eta_x=0, eta_y=0","rho_xy=0, rho_uv=0.5; eta_x=0, eta_y=0",-0.21127900405483208,0.21127900405483208,-0.07211210458340656,0.07211210458340656,0.949,0.3762,Severity,Severity,"0.189 (0.001, 0.574)"
Phi,L_Y_sev__K_X_sev,all_phi_L_Y_sev__K_X_sev_results.rds,100,0,0.5,0,4,0.4,0.18790098472685463,no_weight,0.18790098472685463,0.04814983640118326,0.0059,0.9461,10000,"rho_xy=0, rho_uv=0.5, rho_true=0.4","eta_x=0, eta_y=4","rho_xy=0, rho_uv=0.5; eta_x=0, eta_y=4",-0.2120990152731454,0.2120990152731454,0,0,0.9440999999999999,0.0038999999999999035,Severity,Severity,"0.188 (0.006, 0.946)"
Phi,L_Y_sev__K_X_sev,all_phi_L_Y_sev__K_X_sev_results.rds,100,0,0.5,0,4,0.4,0.18790098472685463,CW,0.24447700683576912,0.05335893142984721,0.1671,0.8044,10000,"rho_xy=0, rho_uv=0.5, rho_true=0.4","eta_x=0, eta_y=4","rho_xy=0, rho_uv=0.5; eta_x=0, eta_y=4",-0.1555229931642309,0.1555229931642309,0.05657602210891449,0.05657602210891449,0.7828999999999999,0.14559999999999995,Severity,Severity,"0.244 (0.167, 0.804)"
Phi,L_Y_sev__K_X_sev,all_phi_L_Y_sev__K_X_sev_results.rds,100,0,0.5,0,4,0.4,0.18790098472685463,PPW,0.10194035609180901,0.030425316739275086,0,0.2004,10000,"rho_xy=0, rho_uv=0.5, rho_true=0.4","eta_x=0, eta_y=4","rho_xy=0, rho_uv=0.5; eta_x=0, eta_y=4",-0.298059643908191,0.298059643908191,-0.08596062863504561,0.08596062863504561,0.95,0.7495999999999999,Severity,Severity,"0.102 (0.000, 0.200)"
Phi,L_Y_sev__K_X_sev,all_phi_L_Y_sev__K_X_sev_results.rds,100,0,0.5,0,4,0.4,0.18790098472685463,OPW,0.18225474860618923,0.04184213405058557,0.001,0.9446,10000,"rho_xy=0, rho_uv=0.5, rho_true=0.4","eta_x=0, eta_y=4","rho_xy=0, rho_uv=0.5; eta_x=0, eta_y=4",-0.2177452513938108,0.2177452513938108,-0.005646236120665393,0.005646236120665393,0.949,0.00539999999999996,Severity,Severity,"0.182 (0.001, 0.945)"
Phi,L_Y_sev__K_X_sev,all_phi_L_Y_sev__K_X_sev_results.rds,100,0,0.5,0,4,0.4,0.18790098472685463,MOPW,0.19338782954545317,0.04413344309217515,0.0034,0.945,10000,"rho_xy=0, rho_uv=0.5, rho_true=0.4","eta_x=0, eta_y=4","rho_xy=0, rho_uv=0.5; eta_x=0, eta_y=4",-0.20661217045454686,0.20661217045454686,0.005486844818598541,0.005486844818598541,0.9466,0.0050000000000000044,Severity,Severity,"0.193 (0.003, 0.945)"
Phi,L_Y_sev__K_X_sev,all_phi_L_Y_sev__K_X_sev_results.rds,100,0,0.5,4,0,0.4,0.18723569228042444,no_weight,0.18723569228042444,0.04809400950159288,0.0061,0.9476,10000,"rho_xy=0, rho_uv=0.5, rho_true=0.4","eta_x=4, eta_y=0","rho_xy=0, rho_uv=0.5; eta_x=4, eta_y=0",-0.21276430771957558,0.21276430771957558,0,0,0.9439,0.0023999999999999577,Severity,Severity,"0.187 (0.006, 0.948)"
Phi,L_Y_sev__K_X_sev,all_phi_L_Y_sev__K_X_sev_results.rds,100,0,0.5,4,0,0.4,0.18723569228042444,CW,0.24384959908500517,0.05334396072439692,0.1642,0.8046,10000,"rho_xy=0, rho_uv=0.5, rho_true=0.4","eta_x=4, eta_y=0","rho_xy=0, rho_uv=0.5; eta_x=4, eta_y=0",-0.15615040091499485,0.15615040091499485,0.05661390680458073,0.05661390680458073,0.7857999999999999,0.14539999999999997,Severity,Severity,"0.244 (0.164, 0.805)"
Phi,L_Y_sev__K_X_sev,all_phi_L_Y_sev__K_X_sev_results.rds,100,0,0.5,4,0,0.4,0.18723569228042444,PPW,0.10184353581707911,0.030366838970383662,0,0.2076,10000,"rho_xy=0, rho_uv=0.5, rho_true=0.4","eta_x=4, eta_y=0","rho_xy=0, rho_uv=0.5; eta_x=4, eta_y=0",-0.2981564641829209,0.2981564641829209,-0.08539215646334533,0.08539215646334533,0.95,0.7424,Severity,Severity,"0.102 (0.000, 0.208)"
Phi,L_Y_sev__K_X_sev,all_phi_L_Y_sev__K_X_sev_results.rds,100,0,0.5,4,0,0.4,0.18723569228042444,OPW,0.18181100737360326,0.04183012296254387,5e-4,0.9457,10000,"rho_xy=0, rho_uv=0.5, rho_true=0.4","eta_x=4, eta_y=0","rho_xy=0, rho_uv=0.5; eta_x=4, eta_y=0",-0.21818899262639677,0.21818899262639677,-0.005424684906821187,0.005424684906821187,0.9495,0.0042999999999999705,Severity,Severity,"0.182 (0.000, 0.946)"
Phi,L_Y_sev__K_X_sev,all_phi_L_Y_sev__K_X_sev_results.rds,100,0,0.5,4,0,0.4,0.18723569228042444,MOPW,0.19284782394743638,0.044148454551206084,0.0033,0.944,10000,"rho_xy=0, rho_uv=0.5, rho_true=0.4","eta_x=4, eta_y=0","rho_xy=0, rho_uv=0.5; eta_x=4, eta_y=0",-0.20715217605256364,0.20715217605256364,0.005612131667011938,0.005612131667011938,0.9467,0.006000000000000005,Severity,Severity,"0.193 (0.003, 0.944)"
Phi,L_Y_sev__K_X_sev,all_phi_L_Y_sev__K_X_sev_results.rds,100,0,0.5,4,4,0.4,0.18517460077150996,no_weight,0.18517460077150996,0.04355148379867087,0.0029,0.9435,10000,"rho_xy=0, rho_uv=0.5, rho_true=0.4","eta_x=4, eta_y=4","rho_xy=0, rho_uv=0.5; eta_x=4, eta_y=4",-0.21482539922849006,0.21482539922849006,0,0,0.9470999999999999,0.00649999999999995,Severity,Severity,"0.185 (0.003, 0.944)"
Phi,L_Y_sev__K_X_sev,all_phi_L_Y_sev__K_X_sev_results.rds,100,0,0.5,4,4,0.4,0.18517460077150996,CW,0.25710978156058245,0.052832479849177494,0.2239,0.7186,10000,"rho_xy=0, rho_uv=0.5, rho_true=0.4","eta_x=4, eta_y=4","rho_xy=0, rho_uv=0.5; eta_x=4, eta_y=4",-0.14289021843941757,0.14289021843941757,0.07193518078907249,0.07193518078907249,0.7261,0.23139999999999994,Severity,Severity,"0.257 (0.224, 0.719)"
Phi,L_Y_sev__K_X_sev,all_phi_L_Y_sev__K_X_sev_results.rds,100,0,0.5,4,4,0.4,0.18517460077150996,PPW,0.11908880250459208,0.03223529594656685,0,0.4566,10000,"rho_xy=0, rho_uv=0.5, rho_true=0.4","eta_x=4, eta_y=4","rho_xy=0, rho_uv=0.5; eta_x=4, eta_y=4",-0.28091119749540794,0.28091119749540794,-0.06608579826691788,0.06608579826691788,0.95,0.49339999999999995,Severity,Severity,"0.119 (0.000, 0.457)"
Phi,L_Y_sev__K_X_sev,all_phi_L_Y_sev__K_X_sev_results.rds,100,0,0.5,4,4,0.4,0.18517460077150996,OPW,0.19796533026188498,0.04377549829588848,0.0052,0.9353,10000,"rho_xy=0, rho_uv=0.5, rho_true=0.4","eta_x=4, eta_y=4","rho_xy=0, rho_uv=0.5; eta_x=4, eta_y=4",-0.20203466973811504,0.20203466973811504,0.012790729490375019,0.012790729490375019,0.9448,0.014699999999999935,Severity,Severity,"0.198 (0.005, 0.935)"
Phi,L_Y_sev__K_X_sev,all_phi_L_Y_sev__K_X_sev_results.rds,100,0,0.5,4,4,0.4,0.18517460077150996,MOPW,0.20691507140981533,0.04620830413478205,0.0161,0.92,10000,"rho_xy=0, rho_uv=0.5, rho_true=0.4","eta_x=4, eta_y=4","rho_xy=0, rho_uv=0.5; eta_x=4, eta_y=4",-0.1930849285901847,0.1930849285901847,0.021740470638305365,0.021740470638305365,0.9339,0.029999999999999916,Severity,Severity,"0.207 (0.016, 0.920)"
Phi,L_Y_sev__K_X_sev,all_phi_L_Y_sev__K_X_sev_results.rds,100,0.5,0,0,0,0.1,0.06338668813508624,no_weight,0.06338668813508624,0.06023939219727423,0.9022,0.9446,10000,"rho_xy=0.5, rho_uv=0, rho_true=0.1","eta_x=0, eta_y=0","rho_xy=0.5, rho_uv=0; eta_x=0, eta_y=0",-0.03661331186491376,0.03661331186491376,0,0,0.047799999999999954,0.00539999999999996,Severity,Severity,"0.063 (0.902, 0.945)"
Phi,L_Y_sev__K_X_sev,all_phi_L_Y_sev__K_X_sev_results.rds,100,0.5,0,0,0,0.1,0.06338668813508624,CW,0.06340391153142688,0.060226105085448754,0.9016,0.9447,10000,"rho_xy=0.5, rho_uv=0, rho_true=0.1","eta_x=0, eta_y=0","rho_xy=0.5, rho_uv=0; eta_x=0, eta_y=0",-0.036596088468573124,0.036596088468573124,1.722339634063763e-5,1.722339634063763e-5,0.0484,0.005299999999999971,Severity,Severity,"0.063 (0.902, 0.945)"
Phi,L_Y_sev__K_X_sev,all_phi_L_Y_sev__K_X_sev_results.rds,100,0.5,0,0,0,0.1,0.06338668813508624,PPW,0.08287840192238541,0.035028699986505915,0.9269,0.9031,10000,"rho_xy=0.5, rho_uv=0, rho_true=0.1","eta_x=0, eta_y=0","rho_xy=0.5, rho_uv=0; eta_x=0, eta_y=0",-0.017121598077614597,0.017121598077614597,0.019491713787299164,0.019491713787299164,0.02310000000000001,0.04689999999999994,Severity,Severity,"0.083 (0.927, 0.903)"
Phi,L_Y_sev__K_X_sev,all_phi_L_Y_sev__K_X_sev_results.rds,100,0.5,0,0,0,0.1,0.06338668813508624,OPW,0.037247529954152876,0.04401595015291737,0.7066,0.9109,10000,"rho_xy=0.5, rho_uv=0, rho_true=0.1","eta_x=0, eta_y=0","rho_xy=0.5, rho_uv=0; eta_x=0, eta_y=0",-0.06275247004584714,0.06275247004584714,-0.026139158180933368,0.026139158180933368,0.24339999999999995,0.03909999999999991,Severity,Severity,"0.037 (0.707, 0.911)"
Phi,L_Y_sev__K_X_sev,all_phi_L_Y_sev__K_X_sev_results.rds,100,0.5,0,0,0,0.1,0.06338668813508624,MOPW,0.04407400608942128,0.04598270160435883,0.7711,0.9262,10000,"rho_xy=0.5, rho_uv=0, rho_true=0.1","eta_x=0, eta_y=0","rho_xy=0.5, rho_uv=0; eta_x=0, eta_y=0",-0.055925993910578724,0.055925993910578724,-0.019312682045664963,0.019312682045664963,0.17889999999999995,0.023799999999999932,Severity,Severity,"0.044 (0.771, 0.926)"
Phi,L_Y_sev__K_X_sev,all_phi_L_Y_sev__K_X_sev_results.rds,100,0.5,0,0,4,0.1,0.04434475451038139,no_weight,0.04434475451038139,0.05263864532608221,0.8167,0.9479,10000,"rho_xy=0.5, rho_uv=0, rho_true=0.1","eta_x=0, eta_y=4","rho_xy=0.5, rho_uv=0; eta_x=0, eta_y=4",-0.055655245489618616,0.055655245489618616,0,0,0.13329999999999997,0.0020999999999999908,Severity,Severity,"0.044 (0.817, 0.948)"
Phi,L_Y_sev__K_X_sev,all_phi_L_Y_sev__K_X_sev_results.rds,100,0.5,0,0,4,0.1,0.04434475451038139,CW,0.01638010039150728,0.05934107430000936,0.7107,0.9234,10000,"rho_xy=0.5, rho_uv=0, rho_true=0.1","eta_x=0, eta_y=4","rho_xy=0.5, rho_uv=0; eta_x=0, eta_y=4",-0.08361989960849273,0.08361989960849273,-0.02796465411887411,0.02796465411887411,0.23929999999999996,0.026599999999999957,Severity,Severity,"0.016 (0.711, 0.923)"
Phi,L_Y_sev__K_X_sev,all_phi_L_Y_sev__K_X_sev_results.rds,100,0.5,0,0,4,0.1,0.04434475451038139,PPW,0.06764341351866059,0.03721922694625842,0.8685,0.8889,10000,"rho_xy=0.5, rho_uv=0, rho_true=0.1","eta_x=0, eta_y=4","rho_xy=0.5, rho_uv=0; eta_x=0, eta_y=4",-0.03235658648133942,0.03235658648133942,0.023298659008279196,0.023298659008279196,0.0814999999999999,0.06109999999999993,Severity,Severity,"0.068 (0.869, 0.889)"
Phi,L_Y_sev__K_X_sev,all_phi_L_Y_sev__K_X_sev_results.rds,100,0.5,0,0,4,0.1,0.04434475451038139,OPW,0.013101234068986218,0.04749179469362083,0.552,0.8983,10000,"rho_xy=0.5, rho_uv=0, rho_true=0.1","eta_x=0, eta_y=4","rho_xy=0.5, rho_uv=0; eta_x=0, eta_y=4",-0.08689876593101378,0.08689876593101378,-0.031243520441395174,0.031243520441395174,0.3979999999999999,0.05169999999999997,Severity,Severity,"0.013 (0.552, 0.898)"
Phi,L_Y_sev__K_X_sev,all_phi_L_Y_sev__K_X_sev_results.rds,100,0.5,0,0,4,0.1,0.04434475451038139,MOPW,0.009025451049286143,0.050421471041917465,0.5655,0.8923,10000,"rho_xy=0.5, rho_uv=0, rho_true=0.1","eta_x=0, eta_y=4","rho_xy=0.5, rho_uv=0; eta_x=0, eta_y=4",-0.09097454895071386,0.09097454895071386,-0.03531930346109525,0.03531930346109525,0.38449999999999995,0.057699999999999974,Severity,Severity,"0.009 (0.566, 0.892)"
Phi,L_Y_sev__K_X_sev,all_phi_L_Y_sev__K_X_sev_results.rds,100,0.5,0,4,0,0.1,0.044949267528656765,no_weight,0.044949267528656765,0.052620230085088836,0.8185,0.9457,10000,"rho_xy=0.5, rho_uv=0, rho_true=0.1","eta_x=4, eta_y=0","rho_xy=0.5, rho_uv=0; eta_x=4, eta_y=0",-0.05505073247134324,0.05505073247134324,0,0,0.13149999999999995,0.0042999999999999705,Severity,Severity,"0.045 (0.818, 0.946)"
Phi,L_Y_sev__K_X_sev,all_phi_L_Y_sev__K_X_sev_results.rds,100,0.5,0,4,0,0.1,0.044949267528656765,CW,0.017312242846575374,0.05932399773941093,0.717,0.924,10000,"rho_xy=0.5, rho_uv=0, rho_true=0.1","eta_x=4, eta_y=0","rho_xy=0.5, rho_uv=0; eta_x=4, eta_y=0",-0.08268775715342463,0.08268775715342463,-0.02763702468208139,0.02763702468208139,0.23299999999999998,0.025999999999999912,Severity,Severity,"0.017 (0.717, 0.924)"
Phi,L_Y_sev__K_X_sev,all_phi_L_Y_sev__K_X_sev_results.rds,100,0.5,0,4,0,0.1,0.044949267528656765,PPW,0.06848087868991191,0.03720990385459272,0.8712,0.888,10000,"rho_xy=0.5, rho_uv=0, rho_true=0.1","eta_x=4, eta_y=0","rho_xy=0.5, rho_uv=0; eta_x=4, eta_y=0",-0.03151912131008809,0.03151912131008809,0.02353161116125515,0.02353161116125515,0.07879999999999998,0.061999999999999944,Severity,Severity,"0.068 (0.871, 0.888)"
Phi,L_Y_sev__K_X_sev,all_phi_L_Y_sev__K_X_sev_results.rds,100,0.5,0,4,0,0.1,0.044949267528656765,OPW,0.014204258638457295,0.04750123186836933,0.565,0.9012,10000,"rho_xy=0.5, rho_uv=0, rho_true=0.1","eta_x=4, eta_y=0","rho_xy=0.5, rho_uv=0; eta_x=4, eta_y=0",-0.08579574136154271,0.08579574136154271,-0.03074500889019947,0.03074500889019947,0.385,0.048799999999999955,Severity,Severity,"0.014 (0.565, 0.901)"
Phi,L_Y_sev__K_X_sev,all_phi_L_Y_sev__K_X_sev_results.rds,100,0.5,0,4,0,0.1,0.044949267528656765,MOPW,0.010153156913948335,0.05044588125827884,0.5735,0.8926,10000,"rho_xy=0.5, rho_uv=0, rho_true=0.1","eta_x=4, eta_y=0","rho_xy=0.5, rho_uv=0; eta_x=4, eta_y=0",-0.08984684308605168,0.08984684308605168,-0.03479611061470843,0.03479611061470843,0.37649999999999995,0.05740000000000001,Severity,Severity,"0.010 (0.574, 0.893)"
Phi,L_Y_sev__K_X_sev,all_phi_L_Y_sev__K_X_sev_results.rds,100,0.5,0,4,4,0.1,0.07656492228772825,no_weight,0.07656492228772825,0.048149799287963216,0.9171,0.9424,10000,"rho_xy=0.5, rho_uv=0, rho_true=0.1","eta_x=4, eta_y=4","rho_xy=0.5, rho_uv=0; eta_x=4, eta_y=4",-0.023435077712271754,0.023435077712271754,0,0,0.03289999999999993,0.00759999999999994,Severity,Severity,"0.077 (0.917, 0.942)"
Phi,L_Y_sev__K_X_sev,all_phi_L_Y_sev__K_X_sev_results.rds,100,0.5,0,4,4,0.1,0.07656492228772825,CW,0.0056929890418770494,0.05985550660133129,0.6516,0.7797,10000,"rho_xy=0.5, rho_uv=0, rho_true=0.1","eta_x=4, eta_y=4","rho_xy=0.5, rho_uv=0; eta_x=4, eta_y=4",-0.09430701095812295,0.09430701095812295,-0.0708719332458512,0.0708719332458512,0.2984,0.1703,Severity,Severity,"0.006 (0.652, 0.780)"
Phi,L_Y_sev__K_X_sev,all_phi_L_Y_sev__K_X_sev_results.rds,100,0.5,0,4,4,0.1,0.07656492228772825,PPW,0.07437669278141544,0.03927919328349999,0.9041,0.9448,10000,"rho_xy=0.5, rho_uv=0, rho_true=0.1","eta_x=4, eta_y=4","rho_xy=0.5, rho_uv=0; eta_x=4, eta_y=4",-0.025623307218584565,0.025623307218584565,-0.002188229506312811,0.002188229506312811,0.04589999999999994,0.005199999999999982,Severity,Severity,"0.074 (0.904, 0.945)"
Phi,L_Y_sev__K_X_sev,all_phi_L_Y_sev__K_X_sev_results.rds,100,0.5,0,4,4,0.1,0.07656492228772825,OPW,0.01160629527768898,0.05069277297957016,0.5886,0.7548,10000,"rho_xy=0.5, rho_uv=0, rho_true=0.1","eta_x=4, eta_y=4","rho_xy=0.5, rho_uv=0; eta_x=4, eta_y=4",-0.08839370472231102,0.08839370472231102,-0.06495862701003927,0.06495862701003927,0.36139999999999994,0.19519999999999993,Severity,Severity,"0.012 (0.589, 0.755)"
Phi,L_Y_sev__K_X_sev,all_phi_L_Y_sev__K_X_sev_results.rds,100,0.5,0,4,4,0.1,0.07656492228772825,MOPW,-0.002627423220028394,0.05437542522960093,0.5326,0.6916,10000,"rho_xy=0.5, rho_uv=0, rho_true=0.1","eta_x=4, eta_y=4","rho_xy=0.5, rho_uv=0; eta_x=4, eta_y=4",-0.1026274232200284,0.1026274232200284,-0.07919234550775664,0.07919234550775664,0.4174,0.25839999999999996,Severity,Severity,"-0.003 (0.533, 0.692)"
Phi,L_Y_sev__K_X_sev,all_phi_L_Y_sev__K_X_sev_results.rds,100,0.5,0.5,0,0,0.5,0.33212965772632247,no_weight,0.33212965772632247,0.052988632781922715,0.0996,0.9438,10000,"rho_xy=0.5, rho_uv=0.5, rho_true=0.5","eta_x=0, eta_y=0","rho_xy=0.5, rho_uv=0.5; eta_x=0, eta_y=0",-0.16787034227367753,0.16787034227367753,0,0,0.8503999999999999,0.006199999999999983,Severity,Severity,"0.332 (0.100, 0.944)"
Phi,L_Y_sev__K_X_sev,all_phi_L_Y_sev__K_X_sev_results.rds,100,0.5,0.5,0,0,0.5,0.33212965772632247,CW,0.33213531895850923,0.05297785551805299,0.0994,0.9443,10000,"rho_xy=0.5, rho_uv=0.5, rho_true=0.5","eta_x=0, eta_y=0","rho_xy=0.5, rho_uv=0.5; eta_x=0, eta_y=0",-0.16786468104149077,0.16786468104149077,5.661232186759957e-6,5.661232186759957e-6,0.8505999999999999,0.005699999999999927,Severity,Severity,"0.332 (0.099, 0.944)"
Phi,L_Y_sev__K_X_sev,all_phi_L_Y_sev__K_X_sev_results.rds,100,0.5,0.5,0,0,0.5,0.33212965772632247,PPW,0.2042498855970544,0.031154747154513645,0,0.0126,10000,"rho_xy=0.5, rho_uv=0.5, rho_true=0.5","eta_x=0, eta_y=0","rho_xy=0.5, rho_uv=0.5; eta_x=0, eta_y=0",-0.29575011440294563,0.29575011440294563,-0.12787977212926807,0.12787977212926807,0.95,0.9374,Severity,Severity,"0.204 (0.000, 0.013)"
Phi,L_Y_sev__K_X_sev,all_phi_L_Y_sev__K_X_sev_results.rds,100,0.5,0.5,0,0,0.5,0.33212965772632247,OPW,0.236607344051869,0.0398574778515052,0,0.3346,10000,"rho_xy=0.5, rho_uv=0.5, rho_true=0.5","eta_x=0, eta_y=0","rho_xy=0.5, rho_uv=0.5; eta_x=0, eta_y=0",-0.263392655948131,0.263392655948131,-0.09552231367445346,0.09552231367445346,0.95,0.6154,Severity,Severity,"0.237 (0.000, 0.335)"
Phi,L_Y_sev__K_X_sev,all_phi_L_Y_sev__K_X_sev_results.rds,100,0.5,0.5,0,0,0.5,0.33212965772632247,MOPW,0.2539751943499478,0.04200509186087165,0,0.5389,10000,"rho_xy=0.5, rho_uv=0.5, rho_true=0.5","eta_x=0, eta_y=0","rho_xy=0.5, rho_uv=0.5; eta_x=0, eta_y=0",-0.2460248056500522,0.2460248056500522,-0.07815446337637466,0.07815446337637466,0.95,0.4110999999999999,Severity,Severity,"0.254 (0.000, 0.539)"
Phi,L_Y_sev__K_X_sev,all_phi_L_Y_sev__K_X_sev_results.rds,100,0.5,0.5,0,4,0.5,0.24257635269784633,no_weight,0.24257635269784633,0.048112186207137066,3e-4,0.9429,10000,"rho_xy=0.5, rho_uv=0.5, rho_true=0.5","eta_x=0, eta_y=4","rho_xy=0.5, rho_uv=0.5; eta_x=0, eta_y=4",-0.25742364730215367,0.25742364730215367,0,0,0.9497,0.007099999999999995,Severity,Severity,"0.243 (0.000, 0.943)"
Phi,L_Y_sev__K_X_sev,all_phi_L_Y_sev__K_X_sev_results.rds,100,0.5,0.5,0,4,0.5,0.24257635269784633,CW,0.2720135073788708,0.053392412701578316,0.0068,0.9006,10000,"rho_xy=0.5, rho_uv=0.5, rho_true=0.5","eta_x=0, eta_y=4","rho_xy=0.5, rho_uv=0.5; eta_x=0, eta_y=4",-0.2279864926211292,0.2279864926211292,0.02943715468102448,0.02943715468102448,0.9431999999999999,0.0494,Severity,Severity,"0.272 (0.007, 0.901)"
Phi,L_Y_sev__K_X_sev,all_phi_L_Y_sev__K_X_sev_results.rds,100,0.5,0.5,0,4,0.5,0.24257635269784633,PPW,0.19138854885117065,0.03304670219559579,0,0.6657,10000,"rho_xy=0.5, rho_uv=0.5, rho_true=0.5","eta_x=0, eta_y=4","rho_xy=0.5, rho_uv=0.5; eta_x=0, eta_y=4",-0.3086114511488294,0.3086114511488294,-0.05118780384667568,0.05118780384667568,0.95,0.2843,Severity,Severity,"0.191 (0.000, 0.666)"
Phi,L_Y_sev__K_X_sev,all_phi_L_Y_sev__K_X_sev_results.rds,100,0.5,0.5,0,4,0.5,0.24257635269784633,OPW,0.21669408197788495,0.04286147235795006,0,0.9015,10000,"rho_xy=0.5, rho_uv=0.5, rho_true=0.5","eta_x=0, eta_y=4","rho_xy=0.5, rho_uv=0.5; eta_x=0, eta_y=4",-0.283305918022115,0.283305918022115,-0.02588227071996138,0.02588227071996138,0.95,0.04849999999999999,Severity,Severity,"0.217 (0.000, 0.901)"
Phi,L_Y_sev__K_X_sev,all_phi_L_Y_sev__K_X_sev_results.rds,100,0.5,0.5,0,4,0.5,0.24257635269784633,MOPW,0.2276689142753273,0.045667672664290795,0,0.9311,10000,"rho_xy=0.5, rho_uv=0.5, rho_true=0.5","eta_x=0, eta_y=4","rho_xy=0.5, rho_uv=0.5; eta_x=0, eta_y=4",-0.2723310857246727,0.2723310857246727,-0.014907438422519043,0.014907438422519043,0.95,0.018899999999999917,Severity,Severity,"0.228 (0.000, 0.931)"
Phi,L_Y_sev__K_X_sev,all_phi_L_Y_sev__K_X_sev_results.rds,100,0.5,0.5,4,0,0.5,0.24354980270960294,no_weight,0.24354980270960294,0.04810739106305652,1e-4,0.9439,10000,"rho_xy=0.5, rho_uv=0.5, rho_true=0.5","eta_x=4, eta_y=0","rho_xy=0.5, rho_uv=0.5; eta_x=4, eta_y=0",-0.2564501972903971,0.2564501972903971,0,0,0.9499,0.006099999999999994,Severity,Severity,"0.244 (0.000, 0.944)"
Phi,L_Y_sev__K_X_sev,all_phi_L_Y_sev__K_X_sev_results.rds,100,0.5,0.5,4,0,0.5,0.24354980270960294,CW,0.27290486898495003,0.053384928983146666,0.0066,0.8991,10000,"rho_xy=0.5, rho_uv=0.5, rho_true=0.5","eta_x=4, eta_y=0","rho_xy=0.5, rho_uv=0.5; eta_x=4, eta_y=0",-0.22709513101504997,0.22709513101504997,0.02935506627534709,0.02935506627534709,0.9433999999999999,0.050899999999999945,Severity,Severity,"0.273 (0.007, 0.899)"
Phi,L_Y_sev__K_X_sev,all_phi_L_Y_sev__K_X_sev_results.rds,100,0.5,0.5,4,0,0.5,0.24354980270960294,PPW,0.192002206660862,0.03303271499754645,0,0.6624,10000,"rho_xy=0.5, rho_uv=0.5, rho_true=0.5","eta_x=4, eta_y=0","rho_xy=0.5, rho_uv=0.5; eta_x=4, eta_y=0",-0.307997793339138,0.307997793339138,-0.05154759604874093,0.05154759604874093,0.95,0.28759999999999997,Severity,Severity,"0.192 (0.000, 0.662)"
Phi,L_Y_sev__K_X_sev,all_phi_L_Y_sev__K_X_sev_results.rds,100,0.5,0.5,4,0,0.5,0.24354980270960294,OPW,0.21719029193000652,0.04280162597504931,0,0.9049,10000,"rho_xy=0.5, rho_uv=0.5, rho_true=0.5","eta_x=4, eta_y=0","rho_xy=0.5, rho_uv=0.5; eta_x=4, eta_y=0",-0.2828097080699935,0.2828097080699935,-0.026359510779596418,0.026359510779596418,0.95,0.04509999999999992,Severity,Severity,"0.217 (0.000, 0.905)"
Phi,L_Y_sev__K_X_sev,all_phi_L_Y_sev__K_X_sev_results.rds,100,0.5,0.5,4,0,0.5,0.24354980270960294,MOPW,0.22800331126207624,0.04558107854331408,0,0.93,10000,"rho_xy=0.5, rho_uv=0.5, rho_true=0.5","eta_x=4, eta_y=0","rho_xy=0.5, rho_uv=0.5; eta_x=4, eta_y=0",-0.27199668873792376,0.27199668873792376,-0.015546491447526706,0.015546491447526706,0.95,0.019999999999999907,Severity,Severity,"0.228 (0.000, 0.930)"
Phi,L_Y_sev__K_X_sev,all_phi_L_Y_sev__K_X_sev_results.rds,100,0.5,0.5,4,4,0.5,0.23188754469218842,no_weight,0.23188754469218842,0.04426359775923532,0,0.945,10000,"rho_xy=0.5, rho_uv=0.5, rho_true=0.5","eta_x=4, eta_y=4","rho_xy=0.5, rho_uv=0.5; eta_x=4, eta_y=4",-0.2681124553078116,0.2681124553078116,0,0,0.95,0.0050000000000000044,Severity,Severity,"0.232 (0.000, 0.945)"
Phi,L_Y_sev__K_X_sev,all_phi_L_Y_sev__K_X_sev_results.rds,100,0.5,0.5,4,4,0.5,0.23188754469218842,CW,0.25106077856196124,0.0543428063820511,0.0018,0.9246,10000,"rho_xy=0.5, rho_uv=0.5, rho_true=0.5","eta_x=4, eta_y=4","rho_xy=0.5, rho_uv=0.5; eta_x=4, eta_y=4",-0.24893922143803876,0.24893922143803876,0.01917323386977282,0.01917323386977282,0.9481999999999999,0.025399999999999978,Severity,Severity,"0.251 (0.002, 0.925)"
Phi,L_Y_sev__K_X_sev,all_phi_L_Y_sev__K_X_sev_results.rds,100,0.5,0.5,4,4,0.5,0.23188754469218842,PPW,0.19719747159558185,0.034628577275615816,0,0.836,10000,"rho_xy=0.5, rho_uv=0.5, rho_true=0.5","eta_x=4, eta_y=4","rho_xy=0.5, rho_uv=0.5; eta_x=4, eta_y=4",-0.3028025284044181,0.3028025284044181,-0.03469007309660657,0.03469007309660657,0.95,0.11399999999999999,Severity,Severity,"0.197 (0.000, 0.836)"
Phi,L_Y_sev__K_X_sev,all_phi_L_Y_sev__K_X_sev_results.rds,100,0.5,0.5,4,4,0.5,0.23188754469218842,OPW,0.21572103759057043,0.04512005796588921,0,0.9343,10000,"rho_xy=0.5, rho_uv=0.5, rho_true=0.5","eta_x=4, eta_y=4","rho_xy=0.5, rho_uv=0.5; eta_x=4, eta_y=4",-0.28427896240942957,0.28427896240942957,-0.01616650710161799,0.01616650710161799,0.95,0.015699999999999936,Severity,Severity,"0.216 (0.000, 0.934)"
Phi,L_Y_sev__K_X_sev,all_phi_L_Y_sev__K_X_sev_results.rds,100,0.5,0.5,4,4,0.5,0.23188754469218842,MOPW,0.2201373427349298,0.048329020653142346,0,0.9369,10000,"rho_xy=0.5, rho_uv=0.5, rho_true=0.5","eta_x=4, eta_y=4","rho_xy=0.5, rho_uv=0.5; eta_x=4, eta_y=4",-0.2798626572650702,0.2798626572650702,-0.011750201957258621,0.011750201957258621,0.95,0.0131,Severity,Severity,"0.220 (0.000, 0.937)"
Spearman,L_Y_sev__K_X_sev,all_spearman_L_Y_sev__K_X_sev_results.rds,100,0,0,0,0,0,-0.0015812187305292305,no_weight,-0.0015812187305292305,0.07384229657201025,0.9423,0.942,10000,"rho_xy=0, rho_uv=0, rho_true=0","eta_x=0, eta_y=0","rho_xy=0, rho_uv=0; eta_x=0, eta_y=0",-0.0015812187305292305,0.0015812187305292305,0,0,0.007699999999999929,0.008000000000000007,Severity,Severity,"-0.002 (0.942, 0.942)"
Spearman,L_Y_sev__K_X_sev,all_spearman_L_Y_sev__K_X_sev_results.rds,100,0,0,0,0,0,-0.0015812187305292305,CW,-0.0015745832626361095,0.07382571653786386,0.9419,0.9421,10000,"rho_xy=0, rho_uv=0, rho_true=0","eta_x=0, eta_y=0","rho_xy=0, rho_uv=0; eta_x=0, eta_y=0",-0.0015745832626361095,0.0015745832626361095,6.63546789312101e-6,6.63546789312101e-6,0.008099999999999996,0.007899999999999907,Severity,Severity,"-0.002 (0.942, 0.942)"
Spearman,L_Y_sev__K_X_sev,all_spearman_L_Y_sev__K_X_sev_results.rds,100,0,0,0,0,0,-0.0015812187305292305,PPW,-6.844231769166162e-4,0.028342493555684297,0.9484,0.9493,10000,"rho_xy=0, rho_uv=0, rho_true=0","eta_x=0, eta_y=0","rho_xy=0, rho_uv=0; eta_x=0, eta_y=0",-6.844231769166162e-4,6.844231769166162e-4,8.967955536126143e-4,8.967955536126143e-4,0.0015999999999999348,6.999999999999229e-4,Severity,Severity,"-0.001 (0.948, 0.949)"
Spearman,L_Y_sev__K_X_sev,all_spearman_L_Y_sev__K_X_sev_results.rds,100,0,0,0,0,0,-0.0015812187305292305,OPW,-7.820309614056908e-4,0.042385893153427265,0.945,0.9456,10000,"rho_xy=0, rho_uv=0, rho_true=0","eta_x=0, eta_y=0","rho_xy=0, rho_uv=0; eta_x=0, eta_y=0",-7.820309614056908e-4,7.820309614056908e-4,7.991877691235397e-4,7.991877691235397e-4,0.0050000000000000044,0.0043999999999999595,Severity,Severity,"-0.001 (0.945, 0.946)"
Spearman,L_Y_sev__K_X_sev,all_spearman_L_Y_sev__K_X_sev_results.rds,100,0,0,0,0,0,-0.0015812187305292305,MOPW,-7.648422312548527e-4,0.04498091254630276,0.9431,0.9438,10000,"rho_xy=0, rho_uv=0, rho_true=0","eta_x=0, eta_y=0","rho_xy=0, rho_uv=0; eta_x=0, eta_y=0",-7.648422312548527e-4,7.648422312548527e-4,8.163764992743779e-4,8.163764992743779e-4,0.006899999999999906,0.006199999999999983,Severity,Severity,"-0.001 (0.943, 0.944)"
Spearman,L_Y_sev__K_X_sev,all_spearman_L_Y_sev__K_X_sev_results.rds,100,0,0,0,4,0,0.0010022764341686675,no_weight,0.0010022764341686675,0.06936252057892911,0.9441,0.9436,10000,"rho_xy=0, rho_uv=0, rho_true=0","eta_x=0, eta_y=4","rho_xy=0, rho_uv=0; eta_x=0, eta_y=4",0.0010022764341686675,0.0010022764341686675,0,0,0.005899999999999905,0.006399999999999961,Severity,Severity,"0.001 (0.944, 0.944)"
Spearman,L_Y_sev__K_X_sev,all_spearman_L_Y_sev__K_X_sev_results.rds,100,0,0,0,4,0,0.0010022764341686675,CW,9.53691815492234e-4,0.07226564430290781,0.9402,0.9404,10000,"rho_xy=0, rho_uv=0, rho_true=0","eta_x=0, eta_y=4","rho_xy=0, rho_uv=0; eta_x=0, eta_y=4",9.53691815492234e-4,9.53691815492234e-4,-4.8584618676433496e-5,4.8584618676433496e-5,0.00979999999999992,0.009599999999999942,Severity,Severity,"0.001 (0.940, 0.940)"
Spearman,L_Y_sev__K_X_sev,all_spearman_L_Y_sev__K_X_sev_results.rds,100,0,0,0,4,0,0.0010022764341686675,PPW,2.7472353762790475e-4,0.032450706858635305,0.9454,0.9448,10000,"rho_xy=0, rho_uv=0, rho_true=0","eta_x=0, eta_y=4","rho_xy=0, rho_uv=0; eta_x=0, eta_y=4",2.7472353762790475e-4,2.7472353762790475e-4,-7.275528965407627e-4,7.275528965407627e-4,0.0045999999999999375,0.005199999999999982,Severity,Severity,"0.000 (0.945, 0.945)"
Spearman,L_Y_sev__K_X_sev,all_spearman_L_Y_sev__K_X_sev_results.rds,100,0,0,0,4,0,0.0010022764341686675,OPW,4.7100035448813954e-4,0.04895544804047773,0.94,0.9403,10000,"rho_xy=0, rho_uv=0, rho_true=0","eta_x=0, eta_y=4","rho_xy=0, rho_uv=0; eta_x=0, eta_y=4",4.7100035448813954e-4,4.7100035448813954e-4,-5.312760796805279e-4,5.312760796805279e-4,0.010000000000000009,0.009699999999999931,Severity,Severity,"0.000 (0.940, 0.940)"
Spearman,L_Y_sev__K_X_sev,all_spearman_L_Y_sev__K_X_sev_results.rds,100,0,0,0,4,0,0.0010022764341686675,MOPW,5.625901268156718e-4,0.05289505165361279,0.9389,0.9389,10000,"rho_xy=0, rho_uv=0, rho_true=0","eta_x=0, eta_y=4","rho_xy=0, rho_uv=0; eta_x=0, eta_y=4",5.625901268156718e-4,5.625901268156718e-4,-4.396863073529957e-4,4.396863073529957e-4,0.011099999999999999,0.011099999999999999,Severity,Severity,"0.001 (0.939, 0.939)"
Spearman,L_Y_sev__K_X_sev,all_spearman_L_Y_sev__K_X_sev_results.rds,100,0,0,4,0,0,3.201767344356244e-4,no_weight,3.201767344356244e-4,0.06938919383672701,0.9399,0.9401,10000,"rho_xy=0, rho_uv=0, rho_true=0","eta_x=4, eta_y=0","rho_xy=0, rho_uv=0; eta_x=4, eta_y=0",3.201767344356244e-4,3.201767344356244e-4,0,0,0.010099999999999998,0.009899999999999909,Severity,Severity,"0.000 (0.940, 0.940)"
Spearman,L_Y_sev__K_X_sev,all_spearman_L_Y_sev__K_X_sev_results.rds,100,0,0,4,0,0,3.201767344356244e-4,CW,-1.4658521138898186e-4,0.07228796699169118,0.9408,0.9412,10000,"rho_xy=0, rho_uv=0, rho_true=0","eta_x=4, eta_y=0","rho_xy=0, rho_uv=0; eta_x=4, eta_y=0",-1.4658521138898186e-4,1.4658521138898186e-4,-4.6676194582460624e-4,4.6676194582460624e-4,0.009199999999999986,0.008799999999999919,Severity,Severity,"-0.000 (0.941, 0.941)"
Spearman,L_Y_sev__K_X_sev,all_spearman_L_Y_sev__K_X_sev_results.rds,100,0,0,4,0,0,3.201767344356244e-4,PPW,-1.3770424207917398e-4,0.03248643314913797,0.9473,0.9477,10000,"rho_xy=0, rho_uv=0, rho_true=0","eta_x=4, eta_y=0","rho_xy=0, rho_uv=0; eta_x=4, eta_y=0",-1.3770424207917398e-4,1.3770424207917398e-4,-4.5788097651479836e-4,4.5788097651479836e-4,0.0026999999999999247,0.0022999999999999687,Severity,Severity,"-0.000 (0.947, 0.948)"
Spearman,L_Y_sev__K_X_sev,all_spearman_L_Y_sev__K_X_sev_results.rds,100,0,0,4,0,0,3.201767344356244e-4,OPW,-2.762665577442329e-4,0.049022232706288596,0.9398,0.9401,10000,"rho_xy=0, rho_uv=0, rho_true=0","eta_x=4, eta_y=0","rho_xy=0, rho_uv=0; eta_x=4, eta_y=0",-2.762665577442329e-4,2.762665577442329e-4,-5.964432921798572e-4,5.964432921798572e-4,0.010199999999999987,0.009899999999999909,Severity,Severity,"-0.000 (0.940, 0.940)"
Spearman,L_Y_sev__K_X_sev,all_spearman_L_Y_sev__K_X_sev_results.rds,100,0,0,4,0,0,3.201767344356244e-4,MOPW,-2.962883535071584e-4,0.05296085871660719,0.9398,0.9395,10000,"rho_xy=0, rho_uv=0, rho_true=0","eta_x=4, eta_y=0","rho_xy=0, rho_uv=0; eta_x=4, eta_y=0",-2.962883535071584e-4,2.962883535071584e-4,-6.164650879427828e-4,6.164650879427828e-4,0.010199999999999987,0.010499999999999954,Severity,Severity,"-0.000 (0.940, 0.940)"
Spearman,L_Y_sev__K_X_sev,all_spearman_L_Y_sev__K_X_sev_results.rds,100,0,0,4,4,0,0.04362925835647742,no_weight,0.04362925835647742,0.06545333819040296,0.8888,0.941,10000,"rho_xy=0, rho_uv=0, rho_true=0","eta_x=4, eta_y=4","rho_xy=0, rho_uv=0; eta_x=4, eta_y=4",0.04362925835647742,0.04362925835647742,0,0,0.06119999999999992,0.009000000000000008,Severity,Severity,"0.044 (0.889, 0.941)"
Spearman,L_Y_sev__K_X_sev,all_spearman_L_Y_sev__K_X_sev_results.rds,100,0,0,4,4,0,0.04362925835647742,CW,0.04411648487756333,0.0730250934914975,0.8972,0.9385,10000,"rho_xy=0, rho_uv=0, rho_true=0","eta_x=4, eta_y=4","rho_xy=0, rho_uv=0; eta_x=4, eta_y=4",0.04411648487756333,0.04411648487756333,4.8722652108591086e-4,4.8722652108591086e-4,0.05279999999999996,0.011499999999999955,Severity,Severity,"0.044 (0.897, 0.938)"
Spearman,L_Y_sev__K_X_sev,all_spearman_L_Y_sev__K_X_sev_results.rds,100,0,0,4,4,0,0.04362925835647742,PPW,0.017524313086019754,0.03620938516275736,0.9157,0.8819,10000,"rho_xy=0, rho_uv=0, rho_true=0","eta_x=4, eta_y=4","rho_xy=0, rho_uv=0; eta_x=4, eta_y=4",0.017524313086019754,0.017524313086019754,-0.026104945270457668,0.026104945270457668,0.0343,0.06809999999999994,Severity,Severity,"0.018 (0.916, 0.882)"
Spearman,L_Y_sev__K_X_sev,all_spearman_L_Y_sev__K_X_sev_results.rds,100,0,0,4,4,0,0.04362925835647742,OPW,0.01820364621052604,0.05469160960829588,0.9254,0.9132,10000,"rho_xy=0, rho_uv=0, rho_true=0","eta_x=4, eta_y=4","rho_xy=0, rho_uv=0; eta_x=4, eta_y=4",0.01820364621052604,0.01820364621052604,-0.02542561214595138,0.02542561214595138,0.024599999999999955,0.036799999999999944,Severity,Severity,"0.018 (0.925, 0.913)"
Spearman,L_Y_sev__K_X_sev,all_spearman_L_Y_sev__K_X_sev_results.rds,100,0,0,4,4,0,0.04362925835647742,MOPW,0.013770997199850858,0.059455226361164314,0.932,0.9052,10000,"rho_xy=0, rho_uv=0, rho_true=0","eta_x=4, eta_y=4","rho_xy=0, rho_uv=0; eta_x=4, eta_y=4",0.013770997199850858,0.013770997199850858,-0.029858261156626563,0.029858261156626563,0.017999999999999905,0.04479999999999995,Severity,Severity,"0.014 (0.932, 0.905)"
Spearman,L_Y_sev__K_X_sev,all_spearman_L_Y_sev__K_X_sev_results.rds,100,0,0.5,0,0,0.4,0.3567328153447925,no_weight,0.3567328153447925,0.062341734455669776,0.9043,0.9406,10000,"rho_xy=0, rho_uv=0.5, rho_true=0.4","eta_x=0, eta_y=0","rho_xy=0, rho_uv=0.5; eta_x=0, eta_y=0",-0.04326718465520751,0.04326718465520751,0,0,0.04569999999999996,0.009399999999999964,Severity,Severity,"0.357 (0.904, 0.941)"
Spearman,L_Y_sev__K_X_sev,all_spearman_L_Y_sev__K_X_sev_results.rds,100,0,0.5,0,0,0.4,0.3567328153447925,CW,0.35675264197781414,0.062329942570701256,0.9028,0.9404,10000,"rho_xy=0, rho_uv=0.5, rho_true=0.4","eta_x=0, eta_y=0","rho_xy=0, rho_uv=0.5; eta_x=0, eta_y=0",-0.04324735802218588,0.04324735802218588,1.9826633021635676e-5,1.9826633021635676e-5,0.04719999999999991,0.009599999999999942,Severity,Severity,"0.357 (0.903, 0.940)"
Spearman,L_Y_sev__K_X_sev,all_spearman_L_Y_sev__K_X_sev_results.rds,100,0,0.5,0,0,0.4,0.3567328153447925,PPW,0.10984933674476685,0.02789909116478772,0,0,10000,"rho_xy=0, rho_uv=0.5, rho_true=0.4","eta_x=0, eta_y=0","rho_xy=0, rho_uv=0.5; eta_x=0, eta_y=0",-0.2901506632552332,0.2901506632552332,-0.24688347860002566,0.24688347860002566,0.95,0.95,Severity,Severity,"0.110 (0.000, 0.000)"
Spearman,L_Y_sev__K_X_sev,all_spearman_L_Y_sev__K_X_sev_results.rds,100,0,0.5,0,0,0.4,0.3567328153447925,OPW,0.20258812762780062,0.040971009139211305,0.0029,0.043,10000,"rho_xy=0, rho_uv=0.5, rho_true=0.4","eta_x=0, eta_y=0","rho_xy=0, rho_uv=0.5; eta_x=0, eta_y=0",-0.1974118723721994,0.1974118723721994,-0.15414468771699188,0.15414468771699188,0.9470999999999999,0.9069999999999999,Severity,Severity,"0.203 (0.003, 0.043)"
Spearman,L_Y_sev__K_X_sev,all_spearman_L_Y_sev__K_X_sev_results.rds,100,0,0.5,0,0,0.4,0.3567328153447925,MOPW,0.21403606855010454,0.043695247308575845,0.0166,0.1106,10000,"rho_xy=0, rho_uv=0.5, rho_true=0.4","eta_x=0, eta_y=0","rho_xy=0, rho_uv=0.5; eta_x=0, eta_y=0",-0.18596393144989548,0.18596393144989548,-0.14269674679468797,0.14269674679468797,0.9334,0.8393999999999999,Severity,Severity,"0.214 (0.017, 0.111)"
Spearman,L_Y_sev__K_X_sev,all_spearman_L_Y_sev__K_X_sev_results.rds,100,0,0.5,0,4,0.4,0.2750919863378724,no_weight,0.2750919863378724,0.06189304393794475,0.493,0.9417,10000,"rho_xy=0, rho_uv=0.5, rho_true=0.4","eta_x=0, eta_y=4","rho_xy=0, rho_uv=0.5; eta_x=0, eta_y=4",-0.12490801366212761,0.12490801366212761,0,0,0.45699999999999996,0.008299999999999974,Severity,Severity,"0.275 (0.493, 0.942)"
Spearman,L_Y_sev__K_X_sev,all_spearman_L_Y_sev__K_X_sev_results.rds,100,0,0.5,0,4,0.4,0.2750919863378724,CW,0.3345352193793527,0.06175487072321698,0.8354,0.8056,10000,"rho_xy=0, rho_uv=0.5, rho_true=0.4","eta_x=0, eta_y=4","rho_xy=0, rho_uv=0.5; eta_x=0, eta_y=4",-0.06546478062064731,0.06546478062064731,0.0594432330414803,0.0594432330414803,0.11459999999999992,0.14439999999999997,Severity,Severity,"0.335 (0.835, 0.806)"
Spearman,L_Y_sev__K_X_sev,all_spearman_L_Y_sev__K_X_sev_results.rds,100,0,0.5,0,4,0.4,0.2750919863378724,PPW,0.11877887612388474,0.03157314609046879,0,0.0017,10000,"rho_xy=0, rho_uv=0.5, rho_true=0.4","eta_x=0, eta_y=4","rho_xy=0, rho_uv=0.5; eta_x=0, eta_y=4",-0.2812211238761153,0.2812211238761153,-0.15631311021398767,0.15631311021398767,0.95,0.9482999999999999,Severity,Severity,"0.119 (0.000, 0.002)"
Spearman,L_Y_sev__K_X_sev,all_spearman_L_Y_sev__K_X_sev_results.rds,100,0,0.5,0,4,0.4,0.2750919863378724,OPW,0.2165008330646916,0.045744108463026435,0.0207,0.7426,10000,"rho_xy=0, rho_uv=0.5, rho_true=0.4","eta_x=0, eta_y=4","rho_xy=0, rho_uv=0.5; eta_x=0, eta_y=4",-0.18349916693530843,0.18349916693530843,-0.05859115327318082,0.05859115327318082,0.9292999999999999,0.20739999999999992,Severity,Severity,"0.217 (0.021, 0.743)"
Spearman,L_Y_sev__K_X_sev,all_spearman_L_Y_sev__K_X_sev_results.rds,100,0,0.5,0,4,0.4,0.2750919863378724,MOPW,0.23154776639066685,0.04919482648453821,0.0827,0.841,10000,"rho_xy=0, rho_uv=0.5, rho_true=0.4","eta_x=0, eta_y=4","rho_xy=0, rho_uv=0.5; eta_x=0, eta_y=4",-0.16845223360933317,0.16845223360933317,-0.04354421994720556,0.04354421994720556,0.8673,0.10899999999999999,Severity,Severity,"0.232 (0.083, 0.841)"
Spearman,L_Y_sev__K_X_sev,all_spearman_L_Y_sev__K_X_sev_results.rds,100,0,0.5,4,0,0.4,0.2740932007064546,no_weight,0.2740932007064546,0.06190514593327257,0.4786,0.944,10000,"rho_xy=0, rho_uv=0.5, rho_true=0.4","eta_x=4, eta_y=0","rho_xy=0, rho_uv=0.5; eta_x=4, eta_y=0",-0.12590679929354542,0.12590679929354542,0,0,0.47139999999999993,0.006000000000000005,Severity,Severity,"0.274 (0.479, 0.944)"
Spearman,L_Y_sev__K_X_sev,all_spearman_L_Y_sev__K_X_sev_results.rds,100,0,0.5,4,0,0.4,0.2740932007064546,CW,0.33406135267904397,0.06181088640594233,0.8299,0.8078,10000,"rho_xy=0, rho_uv=0.5, rho_true=0.4","eta_x=4, eta_y=0","rho_xy=0, rho_uv=0.5; eta_x=4, eta_y=0",-0.06593864732095606,0.06593864732095606,0.05996815197258937,0.05996815197258937,0.12009999999999998,0.1422,Severity,Severity,"0.334 (0.830, 0.808)"
Spearman,L_Y_sev__K_X_sev,all_spearman_L_Y_sev__K_X_sev_results.rds,100,0,0.5,4,0,0.4,0.2740932007064546,PPW,0.1181880321816784,0.03152299269055758,0,0.0023,10000,"rho_xy=0, rho_uv=0.5, rho_true=0.4","eta_x=4, eta_y=0","rho_xy=0, rho_uv=0.5; eta_x=4, eta_y=0",-0.28181196781832163,0.28181196781832163,-0.1559051685247762,0.1559051685247762,0.95,0.9477,Severity,Severity,"0.118 (0.000, 0.002)"
Spearman,L_Y_sev__K_X_sev,all_spearman_L_Y_sev__K_X_sev_results.rds,100,0,0.5,4,0,0.4,0.2740932007064546,OPW,0.21588426610208422,0.04576847455556033,0.0217,0.7485,10000,"rho_xy=0, rho_uv=0.5, rho_true=0.4","eta_x=4, eta_y=0","rho_xy=0, rho_uv=0.5; eta_x=4, eta_y=0",-0.1841157338979158,0.1841157338979158,-0.05820893460437038,0.05820893460437038,0.9282999999999999,0.2014999999999999,Severity,Severity,"0.216 (0.022, 0.749)"
Spearman,L_Y_sev__K_X_sev,all_spearman_L_Y_sev__K_X_sev_results.rds,100,0,0.5,4,0,0.4,0.2740932007064546,MOPW,0.23084076129741968,0.04924718141067338,0.077,0.8416,10000,"rho_xy=0, rho_uv=0.5, rho_true=0.4","eta_x=4, eta_y=0","rho_xy=0, rho_uv=0.5; eta_x=4, eta_y=0",-0.16915923870258034,0.16915923870258034,-0.04325243940903492,0.04325243940903492,0.873,0.10839999999999994,Severity,Severity,"0.231 (0.077, 0.842)"
Spearman,L_Y_sev__K_X_sev,all_spearman_L_Y_sev__K_X_sev_results.rds,100,0,0.5,4,4,0.4,0.2632833213541534,no_weight,0.2632833213541534,0.060673883188862,0.394,0.9385,10000,"rho_xy=0, rho_uv=0.5, rho_true=0.4","eta_x=4, eta_y=4","rho_xy=0, rho_uv=0.5; eta_x=4, eta_y=4",-0.13671667864584663,0.13671667864584663,0,0,0.5559999999999999,0.011499999999999955,Severity,Severity,"0.263 (0.394, 0.938)"
Spearman,L_Y_sev__K_X_sev,all_spearman_L_Y_sev__K_X_sev_results.rds,100,0,0.5,4,4,0.4,0.2632833213541534,CW,0.35545359682884126,0.0614720575908421,0.8969,0.6545,10000,"rho_xy=0, rho_uv=0.5, rho_true=0.4","eta_x=4, eta_y=4","rho_xy=0, rho_uv=0.5; eta_x=4, eta_y=4",-0.044546403171158766,0.044546403171158766,0.09217027547468787,0.09217027547468787,0.053099999999999925,0.2955,Severity,Severity,"0.355 (0.897, 0.654)"
Spearman,L_Y_sev__K_X_sev,all_spearman_L_Y_sev__K_X_sev_results.rds,100,0,0.5,4,4,0.4,0.2632833213541534,PPW,0.13973193566368974,0.03431556853548385,0,0.0602,10000,"rho_xy=0, rho_uv=0.5, rho_true=0.4","eta_x=4, eta_y=4","rho_xy=0, rho_uv=0.5; eta_x=4, eta_y=4",-0.2602680643363103,0.2602680643363103,-0.12355138569046364,0.12355138569046364,0.95,0.8897999999999999,Severity,Severity,"0.140 (0.000, 0.060)"
Spearman,L_Y_sev__K_X_sev,all_spearman_L_Y_sev__K_X_sev_results.rds,100,0,0.5,4,4,0.4,0.2632833213541534,OPW,0.23777300966461,0.04873124276164461,0.0904,0.9106,10000,"rho_xy=0, rho_uv=0.5, rho_true=0.4","eta_x=4, eta_y=4","rho_xy=0, rho_uv=0.5; eta_x=4, eta_y=4",-0.16222699033539,0.16222699033539,-0.025510311689543375,0.025510311689543375,0.8595999999999999,0.03939999999999999,Severity,Severity,"0.238 (0.090, 0.911)"
Spearman,L_Y_sev__K_X_sev,all_spearman_L_Y_sev__K_X_sev_results.rds,100,0,0.5,4,4,0.4,0.2632833213541534,MOPW,0.2483621742480054,0.052246968416001405,0.1879,0.9242,10000,"rho_xy=0, rho_uv=0.5, rho_true=0.4","eta_x=4, eta_y=4","rho_xy=0, rho_uv=0.5; eta_x=4, eta_y=4",-0.1516378257519946,0.1516378257519946,-0.014921147106147975,0.014921147106147975,0.7621,0.025799999999999934,Severity,Severity,"0.248 (0.188, 0.924)"
Spearman,L_Y_sev__K_X_sev,all_spearman_L_Y_sev__K_X_sev_results.rds,100,0.5,0,0,0,0.1,0.08894472848453738,no_weight,0.08894472848453738,0.07457136503009681,0.9388,0.9384,10000,"rho_xy=0.5, rho_uv=0, rho_true=0.1","eta_x=0, eta_y=0","rho_xy=0.5, rho_uv=0; eta_x=0, eta_y=0",-0.011055271515462622,0.011055271515462622,0,0,0.011199999999999988,0.011599999999999944,Severity,Severity,"0.089 (0.939, 0.938)"
Spearman,L_Y_sev__K_X_sev,all_spearman_L_Y_sev__K_X_sev_results.rds,100,0.5,0,0,0,0.1,0.08894472848453738,CW,0.08896978176414778,0.07455329556776992,0.9394,0.9389,10000,"rho_xy=0.5, rho_uv=0, rho_true=0.1","eta_x=0, eta_y=0","rho_xy=0.5, rho_uv=0; eta_x=0, eta_y=0",-0.011030218235852221,0.011030218235852221,2.505327961040138e-5,2.505327961040138e-5,0.010599999999999943,0.011099999999999999,Severity,Severity,"0.089 (0.939, 0.939)"
Spearman,L_Y_sev__K_X_sev,all_spearman_L_Y_sev__K_X_sev_results.rds,100,0.5,0,0,0,0.1,0.08894472848453738,PPW,0.11151986696905601,0.03408030292431096,0.9308,0.8892,10000,"rho_xy=0.5, rho_uv=0, rho_true=0.1","eta_x=0, eta_y=0","rho_xy=0.5, rho_uv=0; eta_x=0, eta_y=0",0.011519866969056006,0.011519866969056006,0.022575138484518628,0.022575138484518628,0.019199999999999995,0.060799999999999965,Severity,Severity,"0.112 (0.931, 0.889)"
Spearman,L_Y_sev__K_X_sev,all_spearman_L_Y_sev__K_X_sev_results.rds,100,0.5,0,0,0,0.1,0.08894472848453738,OPW,0.06064878330234088,0.04546353759025817,0.8581,0.9035,10000,"rho_xy=0.5, rho_uv=0, rho_true=0.1","eta_x=0, eta_y=0","rho_xy=0.5, rho_uv=0; eta_x=0, eta_y=0",-0.039351216697659126,0.039351216697659126,-0.028295945182196504,0.028295945182196504,0.09189999999999998,0.046499999999999986,Severity,Severity,"0.061 (0.858, 0.903)"
Spearman,L_Y_sev__K_X_sev,all_spearman_L_Y_sev__K_X_sev_results.rds,100,0.5,0,0,0,0.1,0.08894472848453738,MOPW,0.06417640239237855,0.04847639501685605,0.8799,0.913,10000,"rho_xy=0.5, rho_uv=0, rho_true=0.1","eta_x=0, eta_y=0","rho_xy=0.5, rho_uv=0; eta_x=0, eta_y=0",-0.03582359760762145,0.03582359760762145,-0.02476832609215883,0.02476832609215883,0.07009999999999994,0.03699999999999992,Severity,Severity,"0.064 (0.880, 0.913)"
Spearman,L_Y_sev__K_X_sev,all_spearman_L_Y_sev__K_X_sev_results.rds,100,0.5,0,0,4,0.1,0.06700037094398834,no_weight,0.06700037094398834,0.0706750617485823,0.9186,0.9417,10000,"rho_xy=0.5, rho_uv=0, rho_true=0.1","eta_x=0, eta_y=4","rho_xy=0.5, rho_uv=0; eta_x=0, eta_y=4",-0.03299962905601167,0.03299962905601167,0,0,0.031399999999999983,0.008299999999999974,Severity,Severity,"0.067 (0.919, 0.942)"
Spearman,L_Y_sev__K_X_sev,all_spearman_L_Y_sev__K_X_sev_results.rds,100,0.5,0,0,4,0.1,0.06700037094398834,CW,0.0278030006225319,0.07350253423253278,0.8249,0.9091,10000,"rho_xy=0.5, rho_uv=0, rho_true=0.1","eta_x=0, eta_y=4","rho_xy=0.5, rho_uv=0; eta_x=0, eta_y=4",-0.07219699937746811,0.07219699937746811,-0.03919737032145644,0.03919737032145644,0.1251,0.040899999999999936,Severity,Severity,"0.028 (0.825, 0.909)"
Spearman,L_Y_sev__K_X_sev,all_spearman_L_Y_sev__K_X_sev_results.rds,100,0.5,0,0,4,0.1,0.06700037094398834,PPW,0.09321409854800089,0.03745729497214187,0.9458,0.8822,10000,"rho_xy=0.5, rho_uv=0, rho_true=0.1","eta_x=0, eta_y=4","rho_xy=0.5, rho_uv=0; eta_x=0, eta_y=4",-0.006785901451999116,0.006785901451999116,0.026213727604012554,0.026213727604012554,0.0041999999999999815,0.06779999999999997,Severity,Severity,"0.093 (0.946, 0.882)"
Spearman,L_Y_sev__K_X_sev,all_spearman_L_Y_sev__K_X_sev_results.rds,100,0.5,0,0,4,0.1,0.06700037094398834,OPW,0.029118859317038174,0.051921220909610794,0.7269,0.8857,10000,"rho_xy=0.5, rho_uv=0, rho_true=0.1","eta_x=0, eta_y=4","rho_xy=0.5, rho_uv=0; eta_x=0, eta_y=4",-0.07088114068296184,0.07088114068296184,-0.037881511626950165,0.037881511626950165,0.22309999999999997,0.06429999999999991,Severity,Severity,"0.029 (0.727, 0.886)"
Spearman,L_Y_sev__K_X_sev,all_spearman_L_Y_sev__K_X_sev_results.rds,100,0.5,0,0,4,0.1,0.06700037094398834,MOPW,0.019696425321378712,0.05668646079483964,0.7044,0.865,10000,"rho_xy=0.5, rho_uv=0, rho_true=0.1","eta_x=0, eta_y=4","rho_xy=0.5, rho_uv=0; eta_x=0, eta_y=4",-0.08030357467862129,0.08030357467862129,-0.047303945622609624,0.047303945622609624,0.24559999999999993,0.08499999999999996,Severity,Severity,"0.020 (0.704, 0.865)"
Spearman,L_Y_sev__K_X_sev,all_spearman_L_Y_sev__K_X_sev_results.rds,100,0.5,0,4,0,0.1,0.06778315544283317,no_weight,0.06778315544283317,0.0707590395551678,0.9175,0.9422,10000,"rho_xy=0.5, rho_uv=0, rho_true=0.1","eta_x=4, eta_y=0","rho_xy=0.5, rho_uv=0; eta_x=4, eta_y=0",-0.032216844557166835,0.032216844557166835,0,0,0.03249999999999997,0.007799999999999918,Severity,Severity,"0.068 (0.917, 0.942)"
Spearman,L_Y_sev__K_X_sev,all_spearman_L_Y_sev__K_X_sev_results.rds,100,0.5,0,4,0,0.1,0.06778315544283317,CW,0.028999359394371454,0.0735747312408194,0.8345,0.9147,10000,"rho_xy=0.5, rho_uv=0, rho_true=0.1","eta_x=4, eta_y=0","rho_xy=0.5, rho_uv=0; eta_x=4, eta_y=0",-0.07100064060562855,0.07100064060562855,-0.038783796048461716,0.038783796048461716,0.11549999999999994,0.0353,Severity,Severity,"0.029 (0.835, 0.915)"
Spearman,L_Y_sev__K_X_sev,all_spearman_L_Y_sev__K_X_sev_results.rds,100,0.5,0,4,0,0.1,0.06778315544283317,PPW,0.09381172153945007,0.037472988076326465,0.9416,0.8811,10000,"rho_xy=0.5, rho_uv=0, rho_true=0.1","eta_x=4, eta_y=0","rho_xy=0.5, rho_uv=0; eta_x=4, eta_y=0",-0.006188278460549937,0.006188278460549937,0.026028566096616898,0.026028566096616898,0.008399999999999963,0.06889999999999996,Severity,Severity,"0.094 (0.942, 0.881)"
Spearman,L_Y_sev__K_X_sev,all_spearman_L_Y_sev__K_X_sev_results.rds,100,0.5,0,4,0,0.1,0.06778315544283317,OPW,0.029882002846863022,0.05197191234683433,0.7296,0.8848,10000,"rho_xy=0.5, rho_uv=0, rho_true=0.1","eta_x=4, eta_y=0","rho_xy=0.5, rho_uv=0; eta_x=4, eta_y=0",-0.07011799715313699,0.07011799715313699,-0.03790115259597015,0.03790115259597015,0.22039999999999993,0.06519999999999992,Severity,Severity,"0.030 (0.730, 0.885)"
Spearman,L_Y_sev__K_X_sev,all_spearman_L_Y_sev__K_X_sev_results.rds,100,0.5,0,4,0,0.1,0.06778315544283317,MOPW,0.020573523528589037,0.056741953057577475,0.709,0.8648,10000,"rho_xy=0.5, rho_uv=0, rho_true=0.1","eta_x=4, eta_y=0","rho_xy=0.5, rho_uv=0; eta_x=4, eta_y=0",-0.07942647647141096,0.07942647647141096,-0.047209631914244134,0.047209631914244134,0.241,0.08519999999999994,Severity,Severity,"0.021 (0.709, 0.865)"
Spearman,L_Y_sev__K_X_sev,all_spearman_L_Y_sev__K_X_sev_results.rds,100,0.5,0,4,4,0.1,0.09574905373320955,no_weight,0.09574905373320955,0.0670407752810047,0.9412,0.9409,10000,"rho_xy=0.5, rho_uv=0, rho_true=0.1","eta_x=4, eta_y=4","rho_xy=0.5, rho_uv=0; eta_x=4, eta_y=4",-0.004250946266790456,0.004250946266790456,0,0,0.008799999999999919,0.009099999999999997,Severity,Severity,"0.096 (0.941, 0.941)"
Spearman,L_Y_sev__K_X_sev,all_spearman_L_Y_sev__K_X_sev_results.rds,100,0.5,0,4,4,0.1,0.09574905373320955,CW,0.01624069455759478,0.0748405981419208,0.7856,0.8023,10000,"rho_xy=0.5, rho_uv=0, rho_true=0.1","eta_x=4, eta_y=4","rho_xy=0.5, rho_uv=0; eta_x=4, eta_y=4",-0.08375930544240523,0.08375930544240523,-0.07950835917561477,0.07950835917561477,0.1644,0.14769999999999994,Severity,Severity,"0.016 (0.786, 0.802)"
Spearman,L_Y_sev__K_X_sev,all_spearman_L_Y_sev__K_X_sev_results.rds,100,0.5,0,4,4,0.1,0.09574905373320955,PPW,0.09675324934527214,0.040723548108017676,0.9415,0.9414,10000,"rho_xy=0.5, rho_uv=0, rho_true=0.1","eta_x=4, eta_y=4","rho_xy=0.5, rho_uv=0; eta_x=4, eta_y=4",-0.003246750654727862,0.003246750654727862,0.0010041956120625944,0.0010041956120625944,0.008499999999999952,0.008599999999999941,Severity,Severity,"0.097 (0.942, 0.941)"
Spearman,L_Y_sev__K_X_sev,all_spearman_L_Y_sev__K_X_sev_results.rds,100,0.5,0,4,4,0.1,0.09574905373320955,OPW,0.01851083446423741,0.05761504205797538,0.7028,0.7262,10000,"rho_xy=0.5, rho_uv=0, rho_true=0.1","eta_x=4, eta_y=4","rho_xy=0.5, rho_uv=0; eta_x=4, eta_y=4",-0.0814891655357626,0.0814891655357626,-0.07723821926897215,0.07723821926897215,0.24719999999999998,0.2238,Severity,Severity,"0.019 (0.703, 0.726)"
Spearman,L_Y_sev__K_X_sev,all_spearman_L_Y_sev__K_X_sev_results.rds,100,0.5,0,4,4,0.1,0.09574905373320955,MOPW,-0.0053222810260386815,0.06341095511433,0.6094,0.6354,10000,"rho_xy=0.5, rho_uv=0, rho_true=0.1","eta_x=4, eta_y=4","rho_xy=0.5, rho_uv=0; eta_x=4, eta_y=4",-0.10532228102603869,0.10532228102603869,-0.10107133475924823,0.10107133475924823,0.3405999999999999,0.3146,Severity,Severity,"-0.005 (0.609, 0.635)"
Spearman,L_Y_sev__K_X_sev,all_spearman_L_Y_sev__K_X_sev_results.rds,100,0.5,0.5,0,0,0.5,0.4501513459355887,no_weight,0.4501513459355887,0.05887564216258874,0.885,0.9353,10000,"rho_xy=0.5, rho_uv=0.5, rho_true=0.5","eta_x=0, eta_y=0","rho_xy=0.5, rho_uv=0.5; eta_x=0, eta_y=0",-0.0498486540644113,0.0498486540644113,0,0,0.06499999999999995,0.014699999999999935,Severity,Severity,"0.450 (0.885, 0.935)"
Spearman,L_Y_sev__K_X_sev,all_spearman_L_Y_sev__K_X_sev_results.rds,100,0.5,0.5,0,0,0.5,0.4501513459355887,CW,0.4501536405570107,0.058864487440053466,0.8853,0.936,10000,"rho_xy=0.5, rho_uv=0.5, rho_true=0.5","eta_x=0, eta_y=0","rho_xy=0.5, rho_uv=0.5; eta_x=0, eta_y=0",-0.04984635944298932,0.04984635944298932,2.294621421983223e-6,2.294621421983223e-6,0.06469999999999998,0.013999999999999901,Severity,Severity,"0.450 (0.885, 0.936)"
Spearman,L_Y_sev__K_X_sev,all_spearman_L_Y_sev__K_X_sev_results.rds,100,0.5,0.5,0,0,0.5,0.4501513459355887,PPW,0.24560412528404416,0.030385573744114183,0,0,10000,"rho_xy=0.5, rho_uv=0.5, rho_true=0.5","eta_x=0, eta_y=0","rho_xy=0.5, rho_uv=0.5; eta_x=0, eta_y=0",-0.2543958747159558,0.2543958747159558,-0.20454722065154454,0.20454722065154454,0.95,0.95,Severity,Severity,"0.246 (0.000, 0.000)"
Spearman,L_Y_sev__K_X_sev,all_spearman_L_Y_sev__K_X_sev_results.rds,100,0.5,0.5,0,0,0.5,0.4501513459355887,OPW,0.2849128292810503,0.04103513835877959,7e-4,0.0207,10000,"rho_xy=0.5, rho_uv=0.5, rho_true=0.5","eta_x=0, eta_y=0","rho_xy=0.5, rho_uv=0.5; eta_x=0, eta_y=0",-0.21508717071894973,0.21508717071894973,-0.16523851665453843,0.16523851665453843,0.9492999999999999,0.9292999999999999,Severity,Severity,"0.285 (0.001, 0.021)"
Spearman,L_Y_sev__K_X_sev,all_spearman_L_Y_sev__K_X_sev_results.rds,100,0.5,0.5,0,0,0.5,0.4501513459355887,MOPW,0.3020503463613322,0.043849775891895336,0.0068,0.0845,10000,"rho_xy=0.5, rho_uv=0.5, rho_true=0.5","eta_x=0, eta_y=0","rho_xy=0.5, rho_uv=0.5; eta_x=0, eta_y=0",-0.1979496536386678,0.1979496536386678,-0.1481009995742565,0.1481009995742565,0.9431999999999999,0.8654999999999999,Severity,Severity,"0.302 (0.007, 0.085)"
Spearman,L_Y_sev__K_X_sev,all_spearman_L_Y_sev__K_X_sev_results.rds,100,0.5,0.5,0,4,0.5,0.3538802826569676,no_weight,0.3538802826569676,0.06038672840736308,0.3164,0.9384,10000,"rho_xy=0.5, rho_uv=0.5, rho_true=0.5","eta_x=0, eta_y=4","rho_xy=0.5, rho_uv=0.5; eta_x=0, eta_y=4",-0.14611971734303242,0.14611971734303242,0,0,0.6335999999999999,0.011599999999999944,Severity,Severity,"0.354 (0.316, 0.938)"
Spearman,L_Y_sev__K_X_sev,all_spearman_L_Y_sev__K_X_sev_results.rds,100,0.5,0.5,0,4,0.5,0.3538802826569676,CW,0.3774169260514172,0.06173450018502734,0.5078,0.9134,10000,"rho_xy=0.5, rho_uv=0.5, rho_true=0.5","eta_x=0, eta_y=4","rho_xy=0.5, rho_uv=0.5; eta_x=0, eta_y=4",-0.12258307394858281,0.12258307394858281,0.023536643394449608,0.023536643394449608,0.4421999999999999,0.036599999999999966,Severity,Severity,"0.377 (0.508, 0.913)"
Spearman,L_Y_sev__K_X_sev,all_spearman_L_Y_sev__K_X_sev_results.rds,100,0.5,0.5,0,4,0.5,0.3538802826569676,PPW,0.23499842381616412,0.03327560118522272,0,0.047,10000,"rho_xy=0.5, rho_uv=0.5, rho_true=0.5","eta_x=0, eta_y=4","rho_xy=0.5, rho_uv=0.5; eta_x=0, eta_y=4",-0.2650015761838359,0.2650015761838359,-0.11888185884080346,0.11888185884080346,0.95,0.9029999999999999,Severity,Severity,"0.235 (0.000, 0.047)"
Spearman,L_Y_sev__K_X_sev,all_spearman_L_Y_sev__K_X_sev_results.rds,100,0.5,0.5,0,4,0.5,0.3538802826569676,OPW,0.26957059739794975,0.04612408118326892,5e-4,0.5577,10000,"rho_xy=0.5, rho_uv=0.5, rho_true=0.5","eta_x=0, eta_y=4","rho_xy=0.5, rho_uv=0.5; eta_x=0, eta_y=4",-0.23042940260205025,0.23042940260205025,-0.08430968525901783,0.08430968525901783,0.9495,0.3923,Severity,Severity,"0.270 (0.000, 0.558)"
Spearman,L_Y_sev__K_X_sev,all_spearman_L_Y_sev__K_X_sev_results.rds,100,0.5,0.5,0,4,0.5,0.3538802826569676,MOPW,0.2801580643397891,0.050058907158035175,0.0061,0.6884,10000,"rho_xy=0.5, rho_uv=0.5, rho_true=0.5","eta_x=0, eta_y=4","rho_xy=0.5, rho_uv=0.5; eta_x=0, eta_y=4",-0.21984193566021087,0.21984193566021087,-0.07372221831717846,0.07372221831717846,0.9439,0.26159999999999994,Severity,Severity,"0.280 (0.006, 0.688)"
Spearman,L_Y_sev__K_X_sev,all_spearman_L_Y_sev__K_X_sev_results.rds,100,0.5,0.5,4,0,0.5,0.3547260669377105,no_weight,0.3547260669377105,0.060385587762984534,0.3226,0.9386,10000,"rho_xy=0.5, rho_uv=0.5, rho_true=0.5","eta_x=4, eta_y=0","rho_xy=0.5, rho_uv=0.5; eta_x=4, eta_y=0",-0.14527393306228947,0.14527393306228947,0,0,0.6274,0.011399999999999966,Severity,Severity,"0.355 (0.323, 0.939)"
Spearman,L_Y_sev__K_X_sev,all_spearman_L_Y_sev__K_X_sev_results.rds,100,0.5,0.5,4,0,0.5,0.3547260669377105,CW,0.3780670458957153,0.06171909019699819,0.5093,0.9094,10000,"rho_xy=0.5, rho_uv=0.5, rho_true=0.5","eta_x=4, eta_y=0","rho_xy=0.5, rho_uv=0.5; eta_x=4, eta_y=0",-0.12193295410428467,0.12193295410428467,0.0233409789580048,0.0233409789580048,0.4407,0.04059999999999997,Severity,Severity,"0.378 (0.509, 0.909)"
Spearman,L_Y_sev__K_X_sev,all_spearman_L_Y_sev__K_X_sev_results.rds,100,0.5,0.5,4,0,0.5,0.3547260669377105,PPW,0.23543336327860354,0.03327231599582806,0,0.046,10000,"rho_xy=0.5, rho_uv=0.5, rho_true=0.5","eta_x=4, eta_y=0","rho_xy=0.5, rho_uv=0.5; eta_x=4, eta_y=0",-0.26456663672139646,0.26456663672139646,-0.11929270365910699,0.11929270365910699,0.95,0.9039999999999999,Severity,Severity,"0.235 (0.000, 0.046)"
Spearman,L_Y_sev__K_X_sev,all_spearman_L_Y_sev__K_X_sev_results.rds,100,0.5,0.5,4,0,0.5,0.3547260669377105,OPW,0.2697340719895732,0.04603815906704144,2e-4,0.549,10000,"rho_xy=0.5, rho_uv=0.5, rho_true=0.5","eta_x=4, eta_y=0","rho_xy=0.5, rho_uv=0.5; eta_x=4, eta_y=0",-0.23026592801042678,0.23026592801042678,-0.0849919949481373,0.0849919949481373,0.9498,0.4009999999999999,Severity,Severity,"0.270 (0.000, 0.549)"
Spearman,L_Y_sev__K_X_sev,all_spearman_L_Y_sev__K_X_sev_results.rds,100,0.5,0.5,4,0,0.5,0.3547260669377105,MOPW,0.2801686362775673,0.04992771231495321,0.0064,0.6821,10000,"rho_xy=0.5, rho_uv=0.5, rho_true=0.5","eta_x=4, eta_y=0","rho_xy=0.5, rho_uv=0.5; eta_x=4, eta_y=0",-0.21983136372243273,0.21983136372243273,-0.07455743066014325,0.07455743066014325,0.9436,0.2678999999999999,Severity,Severity,"0.280 (0.006, 0.682)"
Spearman,L_Y_sev__K_X_sev,all_spearman_L_Y_sev__K_X_sev_results.rds,100,0.5,0.5,4,4,0.5,0.3348800929158602,no_weight,0.3348800929158602,0.059586903776348434,0.1984,0.9406,10000,"rho_xy=0.5, rho_uv=0.5, rho_true=0.5","eta_x=4, eta_y=4","rho_xy=0.5, rho_uv=0.5; eta_x=4, eta_y=4",-0.16511990708413982,0.16511990708413982,0,0,0.7515999999999999,0.009399999999999964,Severity,Severity,"0.335 (0.198, 0.941)"
Spearman,L_Y_sev__K_X_sev,all_spearman_L_Y_sev__K_X_sev_results.rds,100,0.5,0.5,4,4,0.5,0.3348800929158602,CW,0.35851384929378854,0.06393082413902021,0.4087,0.9122,10000,"rho_xy=0.5, rho_uv=0.5, rho_true=0.5","eta_x=4, eta_y=4","rho_xy=0.5, rho_uv=0.5; eta_x=4, eta_y=4",-0.14148615070621146,0.14148615070621146,0.02363375637792836,0.02363375637792836,0.5412999999999999,0.037799999999999945,Severity,Severity,"0.359 (0.409, 0.912)"
Spearman,L_Y_sev__K_X_sev,all_spearman_L_Y_sev__K_X_sev_results.rds,100,0.5,0.5,4,4,0.5,0.3348800929158602,PPW,0.24262894304756516,0.035334909702575065,0,0.2521,10000,"rho_xy=0.5, rho_uv=0.5, rho_true=0.5","eta_x=4, eta_y=4","rho_xy=0.5, rho_uv=0.5; eta_x=4, eta_y=4",-0.25737105695243484,0.25737105695243484,-0.09225114986829502,0.09225114986829502,0.95,0.6979,Severity,Severity,"0.243 (0.000, 0.252)"
Spearman,L_Y_sev__K_X_sev,all_spearman_L_Y_sev__K_X_sev_results.rds,100,0.5,0.5,4,4,0.5,0.3348800929158602,OPW,0.2697376934232276,0.049494739374428505,0.0017,0.7441,10000,"rho_xy=0.5, rho_uv=0.5, rho_true=0.5","eta_x=4, eta_y=4","rho_xy=0.5, rho_uv=0.5; eta_x=4, eta_y=4",-0.23026230657677238,0.23026230657677238,-0.06514239949263256,0.06514239949263256,0.9482999999999999,0.20589999999999997,Severity,Severity,"0.270 (0.002, 0.744)"
Spearman,L_Y_sev__K_X_sev,all_spearman_L_Y_sev__K_X_sev_results.rds,100,0.5,0.5,4,4,0.5,0.3348800929158602,MOPW,0.2710308409908506,0.05398648382671604,0.0084,0.7815,10000,"rho_xy=0.5, rho_uv=0.5, rho_true=0.5","eta_x=4, eta_y=4","rho_xy=0.5, rho_uv=0.5; eta_x=4, eta_y=4",-0.22896915900914938,0.22896915900914938,-0.06384925192500956,0.06384925192500956,0.9416,0.16849999999999998,Severity,Severity,"0.271 (0.008, 0.781)"
